,city,lat,lon
0,Москва,55.75,37.61666666666667
1,Абрамцево,56.21666666666667,37.96666666666667
2,Апрелевка,55.53333333333333,37.05
3,Ашитково,55.43333333333333,38.6
4,Байконур,45.95,63.3
5,Балашиха,55.8,37.93333333333333
6,Барыбино,55.266666666666666,37.88333333333333
7,Белоомут,54.93333333333333,39.333333333333336
8,Белые Столбы,55.31666666666667,37.85
9,Бронницы,55.41666666666666,38.25
10,Вербилки,56.516666666666666,37.6
11,Верея,55.333333333333336,36.18333333333333
12,Видное,55.55,37.7
13,Вождь Пролетариата,55.41666666666666,39.3
14,Волоколамск,56.03333333333333,35.95
15,Воскресенск,55.31666666666667,38.666666666666664
16,Высоковск,56.31666666666667,36.55
17,Деденево,56.25,37.516666666666666
18,Дедовск,55.86666666666667,37.13333333333333
19,Дмитров,56.333333333333336,37.516666666666666
20,Долгопрудный,55.93333333333333,37.5
21,Дрезна,55.73333333333333,38.833333333333336
22,Дубна,56.75,0
23,Егорьевск,55.38333333333333,39.03333333333333
24,Жилево,54.96666666666667,38.016666666666666
25,Загорск,56.3,38.13333333333333
26,Загорянский,55.91666666666666,37.916666666666664
27,Зарайск,54.75,38.88333333333333
28,Звенигород,55.73333333333333,36.85
29,Зеленоград,55.0,52.5
30,Ивантеевка,55.96666666666667,37.916666666666664
31,Икша,56.16666666666666,37.5
32,Калининград,54.71666666666667,20.5
33,Кашира,54.833333333333336,38.15
34,Керва,55.6,39.56666666666667
35,Климовск,55.36666666666667,37.53333333333333
36,Клязьма,56.1681,42.9692
37,Коломна,55.083333333333336,38.766666666666666
38,Колюбакино,55.66666666666666,36.53333333333333
39,Котельники,55.65,37.86666666666667
40,Красково,55.65,37.983333333333334
41,Красногорск,55.81666666666667,37.333333333333336
42,Краснозаводск,56.43333333333333,38.21666666666667
43,Красный Ткач,55.0,6.57
44,Кубинка,55.56666666666667,36.68333333333333
45,Куровское,55.583333333333336,38.916666666666664
46,Лесной Городок,55.63333333333333,37.2
47,Ликино-Дулево,55.7,38.95
48,Лобня,56.0,37.46666666666667
49,Лосино-Петровский,55.86666666666667,38.2
50,Лотошино,56.23333333333333,35.63333333333333
51,Луховицы,54.96666666666667,39.016666666666666
52,Лыткарино,55.583333333333336,37.9
53,Люберцы,55.66666666666666,37.88333333333333
54,Малаховка,55.63333333333333,38.0
55,Можайск,55.5,36.03333333333333
56,Монино,55.833333333333336,38.18333333333333
57,Мытищи,55.91666666666666,37.733333333333334
58,Нарофоминск,55.38333333333333,36.733333333333334
59,Нахабино,55.833333333333336,37.166666666666664
60,Новобратцевский,55.85,37.38333333333333
61,Ногинск,55.85,38.43333333333333
62,Одинцово,55.66666666666666,37.266666666666666
63,Озеры,54.0,28.35
64,Орехово-Зуево,55.8,38.96666666666667
65,Павловский Посад,55.78333333333333,38.65
66,Пироговский,55.96666666666667,37.733333333333334
67,Подольск,55.41666666666666,37.53333333333333
68,Правдинский,56.0,54.33
69,Протвино,54.86666666666667,37.2
70,Пушкино,56.016666666666666,37.85
71,Пущино,54.833333333333336,37.61666666666667
72,Радовицкий,55.0,45.34
73,Раменское,55.56666666666667,38.21666666666667
74,Реутов,55.0,38.2
75,Рублево,55.78333333333333,37.35
76,Руза,55.68333333333333,36.18333333333333
77,Сергиев Посад,56.3,38.13333333333333
78,Серебряные Пруды,54.46666666666667,38.71666666666667
79,Серпухов,54.91666666666666,37.4
80,Солнечногорск,56.185114,0
81,Софрино,56.13333333333333,37.916666666666664
82,Старая Купавна,55.8,38.18333333333333
83,Старбеево,55.91666666666666,37.46666666666667
84,Ступино,54.88333333333333,38.06666666666667
85,Сходня,55.95,37.3
86,Талдом,56.73333333333333,37.53333333333333
87,Темпы,56.63333333333333,37.28333333333333
88,Томилино,55.65,37.95
89,Туголесский Бор,55.55,39.8
90,Тучково,55.6,36.46666666666667
91,Фосфоритный,55.333333333333336,38.88333333333333
92,Фрязино,55.95,38.05
93,Фряново,56.13333333333333,38.43333333333333
94,Химки,55.88333333333333,37.43333333333333
95,Хотьково,56.25,37.983333333333334
96,Черноголовка,56.0,38.38333333333333
97,Черусти,55.55,40.0
98,Шатурторф,55.56666666666667,39.416666666666664
99,Щелково,55.91666666666666,38.0
100,Щербинка,55.5,37.56666666666667
101,Электрогорск,55.88333333333333,38.78333333333333
102,Электросталь,55.8,38.45
103,Электроугли,55.71666666666667,38.21666666666667
104,Яхрома,56.28333333333333,37.483333333333334
105,Санкт-Петербург,59.95,30.316666666666666
106,Бокситогорск,59.473576,0
107,Большая Ижора,59.945657,0
108,Будогощь,59.285569,0
109,Волосово,59.447275,0
110,Волхов,60.1289,32.3319
111,Всеволожск,60.021321,0
112,Выборг,60.710496,0
113,Вырица,59.413893,0
114,Высоцк,60.625604,0
115,Гатчина,59.56841,0
116,Ефимовский,59.497578,0
117,Ивангород,59.37649,0
118,Каменногорск,60.95081,0
119,Кикерино,59.45,29.616666666666667
120,Кингисепп,59.378053,0
121,Кириши,59.449695,0
122,Кобринское,59.426286,0
123,Колпино,59.75,30.6
124,Кронштадт,60.0,29.766666666666666
125,Лисий Нос,60.0,30.0
126,Лодейное Поле,60.734305,0
127,Луга,58.73333333333333,29.85
128,Парголово,60.083333333333336,30.25
129,Петродворец,59.88333333333333,29.9
130,Пикалёво,59.512684,0
131,Подпорожье,60.912097,0
132,Приозерск,61.035979,0
133,Сестрорецк,60.1,29.966666666666665
134,Тихвин,59.644213,0
135,Тосно,59.541179,0
136,Шлиссельбург,59.944959,0
137,Адыгейск,44.884525,0
138,Майкоп,44.611,0
139,Акутиха,52.43333333333333,84.46666666666667
140,Алейск,52.5,82.78333333333333
141,Алтайский,50.0,22.24
142,Барнаул,53.0,50.5
143,Белово,54.41666666666666,86.3
144,Белокуриха,52.0,84.98333333333333
145,Бийск,52.516666666666666,85.16666666666667
146,Благовещенск,50.25,127.53333333333333
147,Бурсоль,53.16666666666666,78.45
148,Горно-Алтайск,51.96,0
149,Ельцовка,54.3377,82.0114
150,Заринск,53.7,84.91666666666667
151,Змеиногорск,51.16666666666666,82.16666666666667
152,Камень-на-Оби,53.78333333333333,81.33333333333333
153,Кош-Агач,49.98333333333333,88.65
154,Кытманово,53.46666666666667,85.46666666666667
155,Новичиха,52.21666666666667,81.4
156,Новоалтайск,53.4,83.93333333333334
157,Онгудай,50.73333333333333,86.13333333333334
158,Ребриха,53.083333333333336,82.33333333333333
159,Рубцовск,51.0,38
160,Солонешное,51.65,84.31666666666666
161,Солтон,52.833333333333336,86.46666666666667
162,Табуны,52.766666666666666,78.76666666666667
163,Тальменка,53.81666666666667,83.55
164,Топчиха,52.81666666666667,83.11666666666666
165,Турочак,52.25,87.11666666666666
166,Тюменцево,53.31666666666667,81.51666666666667
167,Угловское,51.35,80.18333333333334
168,Усть-Калманка,52.11666666666667,83.31666666666666
169,Усть-Кокса,50.266666666666666,85.6
170,Усть-Улаган,50.61666666666667,87.95
171,Усть-Чарышская Пристань,52.4,83.65
172,Айгунь,49.978,127.490
173,Архара,49.41666666666666,130.06666666666666
174,Возжаевка,50.71666666666667,128.71666666666667
175,Ерофей Павлович,53.95,121.95
176,Завитинск,50.11666666666667,129.43333333333334
177,Златоустовск,52.95,133.58333333333334
178,Коболдо,52.963324,0
179,Магдагачи,53.45,125.8
180,Новобурейский,49.8,129.86666666666667
181,Райчихинск,49.8,129.4
182,Ромны,50.74281279018437,
183,Серышево,51.11666666666667,128.33333333333334
184,Сковородино,53.98333333333333,123.93333333333334
185,Тында,55.15,124.71666666666667
186,Шимановск,52.0,127.66666666666667
187,Экимчан,53.069024,0
188,Амдерма,69.75,61.666666666666664
189,Архангельск,64.55,40.53333333333333
190,Вельск,61.06666666666667,42.1
191,Верхняя Тойма,62.25,45.016666666666666
192,Вычегодский,61.23333333333333,46.88333333333333
193,Ильинско-Подомское,61.11666666666667,47.96666666666667
194,Каргополь,61.5,38.93333333333333
195,Карпогоры,64.0,44.43333333333333
196,Коноша,60.96666666666667,40.233333333333334
197,Коряжма,61.3,47.166666666666664
198,Котлас,61.25,46.65
199,Лешуконское,64.9,45.766666666666666
200,Нарьян-Мар,67.63333333333334,53.0
201,Новодвинск,64.41666666666667,40.81666666666667
202,Няндома,61.66666666666666,40.2
203,Северодвинск,64.56666666666666,39.85
204,Сольвычегодск,61.333333333333336,46.916666666666664
205,Холмогоры,64.21666666666667,41.65
206,Шенкурск,62.1,42.9
207,Яренск,62.16666666666666,49.1
208,Астрахань,46.333333333333336,48.03333333333333
209,Ахтубинск,48.28333333333333,46.166666666666664
210,Верхний Баскунчак,48.21666666666667,46.71666666666667
211,Енотаевка,47.23333333333333,47.016666666666666
212,Икряное,46.083333333333336,47.71666666666667
213,Камызяк,46.1,48.06666666666667
214,Капустин Яр,48.0,55.89
215,Началово,46.333333333333336,48.18333333333333
216,Харабали,47.4,47.25
217,Черный Яр,48.05,46.1
218,Баймак,52.583333333333336,58.31666666666667
219,Белебей,54.1,54.13333333333333
220,Белорецк,53.96666666666667,58.4
221,Бижбуляк,53.68333333333333,54.266666666666666
222,Бирск,55.41666666666666,55.53333333333333
223,Большеустьикинское,55.945322,0
224,Бураево,55.833333333333336,55.4
225,Верхнеяркеево,55.445837,0
226,Верхние Киги,55.405332,0
227,Верхние Татышлы,56.290275,0
228,Верхний Авзян,53.516666666666666,57.53333333333333
229,Давлеканово,54.21666666666667,55.03333333333333
230,Дюртюли,55.48333333333333,54.86666666666667
231,Ермекеево,54.06666666666667,53.666666666666664
232,Зилаир,52.21666666666667,57.43333333333333
233,Зирган,53.21666666666667,55.916666666666664
234,Иглино,54.8313,0
235,Инзер,54.5125,56.5086
236,Исянгулово,52.18333333333333,56.56666666666667
237,Ишимбай,53.45,56.03333333333333
238,Кананикольское,52.766666666666666,57.46666666666667
239,Кандры,54.55,54.11666666666667
240,Караидель,55.837746,0
241,Караидельский,55.0,12.4
242,Киргиз-Мияки,53.6345,0
243,Красноусольский,53.894668,0
244,Кумертау,52.766666666666666,55.78333333333333
245,Кушнаренково,55.104927,0
246,Малояз,55.16666666666666,58.15
247,Мелеуз,52.95,55.93333333333333
248,Нефтекамск,56.083333333333336,54.233333333333334
249,Салават,53.36666666666667,55.93333333333333
250,Сибай,52.7,58.65
251,Старобалтачево,56.001214,0
252,Старосубхангулово,53.1,57.43333333333333
253,Стерлибашево,53.43333333333333,55.25
254,Стерлитамак,53.63333333333333,55.95
255,Туймазы,54.6,53.7
256,Уфа,54.73333333333333,55.96666666666667
257,Учалы,54.31666666666667,59.38333333333333
258,Чекмагуш,55.13333333333333,54.65
259,Чишмы,54.583333333333336,55.38333333333333
260,Янаул,56.266666666666666,54.93333333333333
261,Белгород,50.6,36.6
262,Валуйки,50.18333333333333,38.11666666666667
263,Вейделевка,50.15,38.45
264,Волоконовка,50.48333333333333,37.86666666666667
265,Грайворон,50.48333333333333,35.666666666666664
266,Ивня,51.05,36.11666666666667
267,Короча,50.8,37.166666666666664
268,Новый Оскол,50.766666666666666,37.86666666666667
269,Ровеньки,48.083333333333336,39.36666666666667
270,Старый Оскол,51.28333333333333,37.833333333333336
271,Чернянка,50.93333333333333,37.8
272,Шебекино,50.4,36.88333333333333
273,Белая Березка,52.38333333333333,33.483333333333334
274,Белые Берега,53.2,34.65
275,Большое Полпино,53.23333333333333,34.483333333333334
276,Брянск,53.25,34.36666666666667
277,Бытошь,53.81666666666667,34.083333333333336
278,Выгоничи,53.1,34.06666666666667
279,Дятьково,53.6,34.333333333333336
280,Злынка,52.43333333333333,31.733333333333334
281,Ивот,53.66666666666666,34.18333333333333
282,Карачев,53.11666666666667,34.983333333333334
283,Клетня,53.38333333333333,33.2
284,Клинцы,52.75,32.233333333333334
285,Комаричи,52.41666666666666,34.8
286,Мглин,53.05,32.833333333333336
287,Новозыбков,52.53333333333333,31.933333333333334
288,Погар,52.55,33.25
289,Почеп,52.93333333333333,33.45
290,Ржаница,53.41666666666666,33.916666666666664
291,Рогнедино,53.8,33.55
292,Севск,52.15,34.483333333333334
293,Стародуб,52.583333333333336,32.766666666666666
294,Суземка,52.31666666666667,34.06666666666667
295,Сураж,53.016666666666666,32.4
296,Трубчевск,52.583333333333336,33.766666666666666
297,Унеча,52.85,32.68333333333333
298,Багдарин,54.43333333333333,113.58333333333333
299,Гусиное Озеро,51.11666666666667,106.25
300,Гусиноозерск,51.28333333333333,106.51666666666667
301,Заиграево,51.833333333333336,108.25
302,Закаменск,50.38333333333333,103.28333333333333
303,Иволгинск,51.73333333333333,107.26666666666667
304,Кабанск,52.03333333333333,106.65
305,Кижинга,51.833333333333336,109.9
306,Курумкан,54.31666666666667,110.31666666666666
307,Кырен,51.66666666666666,102.13333333333334
308,Кяхта,50.35,106.45
309,Монды,51.66666666666666,100.98333333333333
310,Мухоршибирь,51.03333333333333,107.81666666666666
311,Нижнеангарск,55.78333333333333,109.56666666666666
312,Северобайкальск,55.63333333333333,109.31666666666666
313,Селенгинск,52.0,106.86666666666666
314,Сосново-Озерское,52.516666666666666,111.53333333333333
315,Таксимо,56.333333333333336,114.88333333333334
316,Улан-Удэ,51.833333333333336,107.61666666666666
317,Хоринск,52.16666666666666,109.76666666666667
318,Бавлены,56.38333333333333,39.55
319,Балакирево,56.5,38.85
320,Боголюбово,56.18333333333333,40.516666666666666
321,Великодворский,55.2471301,0
322,Вязники,56.23333333333333,42.11666666666667
323,Гороховец,56.2,42.68333333333333
324,Гусевский,55.6596497,0
325,Камешково,56.333333333333336,40.983333333333334
326,Карабаново,56.3,38.7
327,Киржач,56.15,38.86666666666667
328,Ковров,56.35,41.31666666666667
329,Кольчугино,56.3,39.38333333333333
330,Красная Горбатка,55.86666666666667,41.75
331,Меленки,55.333333333333336,41.63333333333333
332,Муром,55.56666666666667,42.05
333,Собинка,55.98333333333333,40.016666666666666
334,Судогда,55.95,40.86666666666667
335,Суздаль,56.41666666666666,40.43333333333333
336,Юрьев-Польский,56.5,39.68333333333333
337,Волгоград,48.7,44.5
338,Волжский,48.78333333333333,44.766666666666666
339,Дубовка,49.05,44.833333333333336
340,Жирновск,50.96666666666667,44.766666666666666
341,Калач-на-Дону,48.68333333333333,43.53333333333333
342,Камышин,50.083333333333336,45.4
343,Клетский,48.583333333333336,44.68333333333333
344,Котельниково,47.63333333333333,43.13333333333333
345,Котово,50.31666666666667,44.8
346,Кумылженская,49.86666666666667,42.583333333333336
347,Новоаннинский,50.516666666666666,42.666666666666664
348,Палласовка,50.05,46.88333333333333
349,Светлый Яр,48.46666666666667,44.766666666666666
350,Средняя Ахтуба,48.71,0
351,Сталинград,48.7,44.5
352,Старая Полтавка,50.46666666666667,46.46666666666667
353,Суровикино,48.6,42.85
354,Урюпинск,50.8,42.016666666666666
355,Фролово,49.766666666666666,43.65
356,Чернышковский,48.41666666666666,42.233333333333334
357,Бабаево,59.38333333333333,35.95
358,Белозерск,60.03333333333333,37.78333333333333
359,Великий Устюг,60.75,46.3
360,Верховажье,60.73333333333333,42.05
361,Вожега,60.46666666666667,40.2
362,Вологда,59.21666666666667,39.9
363,Вохтога,58.8,41.03333333333333
364,Вытегра,61.0,36.45
365,Грязовец,58.88333333333333,40.25
366,Кадников,59.5,40.333333333333336
367,Кичменгский Городок,59.98333333333333,45.8
368,Липин Бор,60.25,37.96666666666667
369,Нюксеница,60.4,44.233333333333334
370,Сямжа,60.016666666666666,41.05
371,Тарногский Городок,60.5,43.55
372,Тотьма,59.98333333333333,42.766666666666666
373,Устюжна,58.833333333333336,36.43333333333333
374,Харовск,59.95,40.2
375,Чагода,59.16666666666666,35.333333333333336
376,Череповец,59.11666666666667,37.9
377,Шексна,59.1125,37.9033
378,Богучар,49.93333333333333,40.55
379,Борисоглебск,51.36666666666667,42.083333333333336
380,Бутурлиновка,50.81666666666667,40.583333333333336
381,Верхний Мамон,50.16666666666666,40.38333333333333
382,Верхняя Хава,51.833333333333336,39.93333333333333
383,Воронеж,51.66666666666666,39.2
384,Елань-Коленовский,51.15,41.13333333333333
385,Кантемировка,49.7,39.85
386,Лиски,50.96666666666667,39.483333333333334
387,Новая Усмань,51.63333333333333,39.4
388,Новохоперск,51.1,41.61666666666667
389,Острогожск,50.86666666666667,39.06666666666667
390,Поворино,51.2,42.25
391,Подгоренский,50.4,39.65
392,Рамонь,51.9,39.333333333333336
393,Россошь,50.2,39.583333333333336
394,Семилуки,51.68333333333333,39.03333333333333
395,Хохольский,51.56666666666667,38.78333333333333
396,нововоронеж,51.31666666666667,39.21666666666667
397,Агвали,42.53333333333333,46.1
398,Акуша,42.274445,0
399,Ахты,41.45,47.733333333333334
400,Ачису,42.66666666666666,47.666666666666664
401,Бабаюрт,43.583333333333336,46.766666666666666
402,Бежта,42.13333333333333,46.11666666666667
403,Ботлих,42.65,46.21666666666667
404,Буйнакск,42.81666666666667,47.11666666666667
405,Вачи,42.06666666666667,47.2
406,Гергебиль,42.5,47.06666666666667
407,Гуниб,42.38333333333333,46.95
408,Дагестанские Огни,42.11666666666667,48.2
409,Дербент,42.069825,0
410,Дылым,43.06666666666667,46.63333333333333
411,Ершовка,59.13,77.1629
412,Избербаш,42.56666666666667,47.86666666666667
413,Карабудахкент,42.7,47.55
414,Карата,42.583333333333336,46.35
415,Каспийск,42.88333333333333,47.63333333333333
416,Касумкент,41.66666666666666,48.13333333333333
417,Кизилюрт,43.2,46.86666666666667
418,Кизляр,43.850245,0
419,Кумух,42.16666666666666,47.11666666666667
420,Курах,41.583333333333336,47.78333333333333
421,Магарамкент,41.6,48.333333333333336
422,Маджалис,42.122212,0
423,Махачкала,42.98333333333333,47.5
424,Мехельта,42.794829,0
425,Новолакское,43.11666666666667,46.483333333333334
426,Рутул,41.53333333333333,47.416666666666664
427,Терекли-Мектеб,44.165257,0
428,Тпиг,41.766666666666666,47.583333333333336
429,Уркарах,42.15,47.63333333333333
430,Хасавюрт,43.249937,0
431,Хив,41.753485,0
432,Хунзах,42.54,0
433,Цуриб,42.23333333333333,46.833333333333336
434,Южно-Сухокумск,44.66666666666666,45.65
435,Биробиджан,48.78333333333333,132.93333333333334
436,Верхний Ландех,56.833333333333336,42.583333333333336
437,Вичуга,57.2,41.916666666666664
438,Гаврилов Посад,56.56666666666667,40.11666666666667
439,Дуляпино,57.0,13.92
440,Заволжск,57.48333333333333,42.13333333333333
441,Иваново,56.98333333333333,40.96666666666667
442,Иваньковский,56.66666666666666,40.1
443,Ильинское-Хованское,56.9713222,0
444,Кинешма,57.45,42.15
445,Кохма,56.93333333333333,41.083333333333336
446,Палех,56.8,41.85
447,Пестяки,56.7,42.666666666666664
448,Приволжск,57.38333333333333,41.28333333333333
449,Пучеж,56.98333333333333,43.166666666666664
450,Тейково,56.85,40.55
451,Шуя,56.85,41.36666666666667
452,Южа,56.583333333333336,42.016666666666666
453,Юрьевец,57.31666666666667,43.1
454,Алзамай,55.55,98.66666666666667
455,Ангарск,52.56666666666667,103.91666666666667
456,Артемовский,57.333333333333336,61.88333333333333
457,Атагай,55.1,99.38333333333334
458,Байкал,53.2167,107.75
459,Байкальск,51.516666666666666,104.15
460,Балаганск,54.0,103.05
461,Бирюсинск,55.95,97.81666666666666
462,Братск,56.15,101.61666666666666
463,Видим,56.4,103.1
464,Витимский,58.220875,0
465,Вихоревка,56.11666666666667,101.16666666666667
466,Еланцы,52.78333333333333,106.36666666666666
467,Ербогачен,61.28333333333333,108.01666666666667
468,Железногорск-Илимский,56.583333333333336,104.11666666666666
469,Жигалово,54.8,105.13333333333334
470,Залари,53.55,102.5
471,Иркутск,52.28333333333333,104.3
472,Квиток,56.06666666666667,98.46666666666667
473,Киренск,57.78333333333333,108.1
474,Куйтун,54.35,101.51666666666667
475,Кутулик,53.35,102.78333333333333
476,Нижнеудинск,54.9,99.01666666666667
477,Саянск,54.11666666666667,102.16666666666667
478,Тайшет,55.93333333333333,98.01666666666667
479,Тулун,54.56666666666667,100.56666666666666
480,Усолье-Сибирское,52.75,103.65
481,Усть-Илимск,58.0,102.66666666666667
482,Усть-Кут,56.8,105.83333333333333
483,Усть-Ордынский,52.8,104.75
484,Усть-Уда,54.16666666666666,103.01666666666667
485,Черемхово,53.15,103.06666666666666
486,Чунский,56.083333333333336,99.63333333333334
487,Нальчик,43.485259,0
488,Нарткала,43.556734,0
489,Прохладный,43.750055,0
490,Терек,43.5953,47.5597
491,Тырныауз,43.3892665,0
492,Багратионовск,54.38333333333333,20.633333333333333
493,Балтийск,54.65,19.916666666666668
494,Гвардейск,54.65,21.066666666666666
495,Зеленоградск,54.95,20.483333333333334
496,Кёнигсберг,54.71666666666667,20.5
497,Мамоново,54.46666666666667,19.933333333333334
498,Неман,55.3369,21.2492
499,Полесск,54.86666666666667,21.1
500,Правдинск,54.45,21.016666666666666
501,Славск,55.05,21.666666666666668
502,Черняховск,54.63333333333333,21.816666666666666
503,Каспийский,45.38333333333333,47.35
504,Малые Дербеты,47.95,44.666666666666664
505,Цаган-Аман,47.55,46.71666666666667
506,Элиста,46.31666666666667,44.266666666666666
507,Юста,47.11666666666667,46.28333333333333
508,Яшалта,46.333333333333336,42.266666666666666
509,Яшкуль,46.16666666666666,45.333333333333336
510,Балабаново,55.18333333333333,36.65
511,Бетлица,54.0,33.93333333333333
512,Боровск,55.2,36.483333333333334
513,Дугна,54.4,36.85
514,Дудоровский,53.65,35.35
515,Думиничи,53.91666666666666,35.1
516,Износки,54.98333333333333,35.31666666666667
517,Калуга,54.53333333333333,36.266666666666666
518,Киров,58.6,49.65
519,Козельск,54.03333333333333,35.78333333333333
520,Кондрово,54.8,35.93333333333333
521,Людиново,53.86666666666667,34.46666666666667
522,Малоярославец,55.0,36.46666666666667
523,Медынь,54.96666666666667,35.86666666666667
524,Мещовск,54.31666666666667,35.28333333333333
525,Мосальск,54.48333333333333,34.983333333333334
526,Обнинск,55.1,36.61666666666667
527,Спас-Деменск,54.0,35.309
528,Сухиничи,54.1,35.35
529,Таруса,54.71666666666667,37.18333333333333
530,Юхнов,54.75,35.233333333333334
531,Атласово,55.6,159.63333333333333
532,Аянка,63.7266334,0
533,Большерецк,52.9021,156.5707
534,Вилючинск,52.93333333333333,158.4
535,Елизово,53.18333333333333,158.38333333333333
536,Ильпырский,59.95,164.2
537,Каменское,48.0,27.484885378828
538,Озерновский,51.5,156.51666666666668
539,Палана,59.083333333333336,159.95
540,Пахачи,60.55,169.13333333333333
541,Петропавловск-Камчатский,53.016666666666666,158.65
542,Тиличики,60.43333333333333,166.03333333333333
543,Усть-Большерецк,52.81666666666667,156.26666666666668
544,Усть-Камчатск,56.23333333333333,162.53333333333333
545,Беломорск,64.51666666666667,34.766666666666666
546,Валаам,61.36666666666667,30.933333333333334
547,Вирандозеро,64.0,45.36
548,Кестеньга,65.0,07.73
549,Кондопога,62.2,34.266666666666666
550,Костомукша,64.58333333333333,30.6
551,Лахденпохья,61.516666666666666,30.2
552,Медвежьегорск,62.91666666666666,34.45
553,Муезерский,63.961867,0
554,Олонец,60.98333333333333,32.96666666666667
555,Петрозаводск,61.78333333333333,34.333333333333336
556,Питкяранта,61.56666666666667,31.483333333333334
557,Повенец,62.85,34.81666666666667
558,Пудож,61.8,36.53333333333333
559,Сегежа,63.73333333333333,34.31666666666667
560,Сортавала,61.7,30.666666666666668
561,Софпорог,65.0,54.35
562,Суоярви,62.083333333333336,32.36666666666667
563,Анжеро-Судженск,56.083333333333336,86.03333333333333
564,Ижморский,56.18333333333333,86.63333333333334
565,Итатский,56.06666666666667,89.0
566,Калтан,53.516666666666666,87.26666666666667
567,Кемерово,55.35,86.08333333333333
568,Киселевск,53.98333333333333,86.7
569,Крапивинский,55.0,86.8
570,Ленинск-Кузнецкий,54.65,86.16666666666667
571,Мариинск,56.21666666666667,87.75
572,Междуреченск,53.68333333333333,88.05
573,Мыски,53.7,87.81666666666666
574,Новокузнецк,53.73333333333333,87.08333333333333
575,Осинники,53.61666666666667,87.33333333333333
576,Прокопьевск,53.88333333333333,86.71666666666667
577,Промышленная,54.0,39.27
578,Таштагол,52.766666666666666,87.86666666666666
579,Тисуль,55.761999,0
580,Топки,55.28333333333333,85.61666666666666
581,Тяжинский,56.11666666666667,88.51666666666667
582,Юрга,55.73333333333333,84.9
583,Яшкино,55.86666666666667,85.41666666666667
584,Арбаж,57.68333333333333,48.3
585,Белая Холуница,58.833333333333336,50.85
586,Верхошижемье,58.0,49.1
587,Вятские Поляны,56.0,06.3
588,Зуевка,58.0,12.0
589,Каринторф,58.55,50.18333333333333
590,Кикнур,57.3,47.2
591,Кирово-Чепецк,58.55,50.016666666666666
592,Кирс,59.0,13.8
593,Котельнич,58.3,48.333333333333336
594,Кумены,58.1,49.9
595,Малмыж,56.516666666666666,50.666666666666664
596,Мураши,59.38333333333333,48.96666666666667
597,Нагорск,59.3,50.8
598,Нововятск,58.5,49.7
599,Нолинск,57.55,49.93333333333333
600,Омутнинск,58.66666666666666,52.18333333333333
601,Опарино,59.85,0
602,Оричи,58.4,49.05
603,Пижанка,57.45,48.53333333333333
604,Подосиновец,60.266666666666666,47.06666666666667
605,Санчурск,56.95,47.266666666666666
606,Слободской,58.0,27.0
607,Тужа,57.6,47.916666666666664
608,Уржум,57.11666666666667,50.0
609,Фаленки,58.35,51.583333333333336
610,Юрья,59.03333333333333,49.28333333333333
611,Яранск,57.0,11.9
612,Верхняя Инта,65.986961,0
613,Визинга,61.083333333333336,50.083333333333336
614,Воркута,67.5,64.03333333333333
615,Вуктыл,63.86666666666667,57.31666666666667
616,Емва,62.583333333333336,50.85
617,Заполярный,69.41666666666667,30.8
618,Инта,66.0,23.33
619,Ираель,64.4,55.18333333333333
620,Каджером,64.68333333333334,55.88333333333333
621,Койгородок,60.45,51.0
622,Корткерос,61.8,51.56666666666667
623,Кослан,63.45,48.88333333333333
624,Объячево,60.333333333333336,49.6
625,Печора,68.3075,54.4167
626,Сосногорск,63.583333333333336,53.93333333333333
627,Сыктывкар,61.66666666666666,50.81666666666667
628,Троицко-Печерск,62.7,56.2
629,Усинск,65.0,42.1
630,Усогорск,63.43333333333333,48.7
631,Усть-Кулом,61.68333333333333,53.68333333333333
632,Усть-Цильма,65.43333333333334,52.15
633,Ухта,63.56666666666667,53.7
634,Боговарово,58.96666666666667,47.016666666666666
635,Волгореченск,57.43333333333333,41.166666666666664
636,Горчуха,57.7,43.71666666666667
637,Кадый,57.766666666666666,43.18333333333333
638,Кологрив,58.0,30.82
639,Кострома,57.766666666666666,40.93333333333333
640,Красное-на-Волге,57.516666666666666,41.233333333333334
641,Макарьев,57.88333333333333,43.8
642,Мантурово,58.333333333333336,44.766666666666666
643,Парфентьево,55.1,38.8
644,Поназырево,58.35,46.3
645,Солигалич,59.083333333333336,42.28333333333333
646,Судиславль,57.88333333333333,41.7
647,Чухлома,58.75,42.7
648,Шарья,58.36666666666667,45.5
649,Шемятино,58.073712,0
650,Абинск,44.86666666666667,38.166666666666664
651,Абрау-Дюрсо,44.7,37.6
652,Анапа,44.893857,0
653,Апшеронск,44.45,39.733333333333334
654,Архипо-Осиповка,44.366077,0
655,Афипский,44.9,38.833333333333336
656,Ахтырский,44.833333333333336,38.28333333333333
657,Ачуево,45.7,37.766666666666666
658,Белореченск,44.766666666666666,39.86666666666667
659,Верхнебаканский,44.833333333333336,37.65
660,Геленджик,44.560999,0
661,Гиагинская,44.869444,0
662,Горячий Ключ,44.633284,0
663,Джубга,44.318337,0
664,Динская,45.21666666666667,39.21666666666667
665,Ейск,46.7,38.266666666666666
666,Ильский,44.85,38.56666666666667
667,Кабардинка,44.651384,0
668,Каменномостский,44.29153,0
669,Каневская,46.083333333333336,38.95
670,Кореновск,45.46666666666667,39.45
671,Краснодар,45.03333333333333,38.983333333333334
672,Крымск,44.93333333333333,38.0
673,Курганинск,44.88333333333333,40.6
674,Кущевская,46.55,39.61666666666667
675,Лабинск,44.63333333333333,40.733333333333334
676,Мостовской,44.4,40.78333333333333
677,Новороссийск,44.71666666666667,37.766666666666666
678,Приморско-Ахтарск,46.05,38.18333333333333
679,Северская,44.85,38.666666666666664
680,Славянск-на-Кубани,45.25,38.11666666666667
681,Сочи,43.583333333333336,39.71666666666667
682,Староминская,46.53333333333333,39.05
683,Старощербиновская,46.61666666666667,38.666666666666664
684,Тбилисская,45.36666666666667,40.2
685,Темрюк,45.266666666666666,37.38333333333333
686,Тимашевск,45.61666666666667,38.93333333333333
687,Тихорецк,45.85,40.11666666666667
688,Туапсе,44.100016,0
689,Усть-Лабинск,45.2,39.68333333333333
690,Шовгеновский,45.016666666666666,40.233333333333334
691,Абакан,53.71666666666667,91.41666666666667
692,Агинское,51.1,114.53333333333333
693,Артемовск,48.6,38.0
694,Ачинск,56.266666666666666,90.5
695,Байкит,61.66666666666666,96.38333333333334
696,Балахта,55.38333333333333,91.61666666666666
697,Бельтырский,53.03333333333333,90.4
698,Бея,53.03333333333333,90.93333333333334
699,Бискамжа,53.450739,0
700,Боготол,56.2,89.51666666666667
701,Боград,54.21666666666667,90.81666666666666
702,Богучаны,58.36666666666667,97.43333333333334
703,Большая Мурта,56.906809,0
704,Большой Улуй,56.65,90.56666666666666
705,Ванавара,60.333333333333336,102.28333333333333
706,Верхнеимбатск,63.15,87.96666666666667
707,Горячегорск,55.4,88.9
708,Дивногорск,55.95,92.38333333333334
709,Дудинка,69.4,86.18333333333334
710,Енисейск,58.46666666666667,92.13333333333334
711,Ермаковское,53.0,34.36
712,Заозерный,55.96666666666667,94.7
713,Игарка,67.46666666666667,86.56666666666666
714,Идринское,54.36666666666667,92.13333333333334
715,Иланский,56.23333333333333,96.06666666666666
716,Ирбейское,55.63333333333333,95.45
717,Канск,56.2,95.7
718,Каратузское,53.6,92.86666666666666
719,Кодинск,58.6,99.18333333333334
720,Козулька,56.16666666666666,91.4
721,Краснотуранск,54.3,91.55
722,Красноярск,56.012083,0
723,Лесосибирск,58.23333333333333,92.48333333333333
724,Минусинск,53.7,91.68333333333334
725,Мотыгино,58.0,2.44
726,Нижний Ингаш,56.20000076,0
727,Норильск,69.33333333333333,88.21666666666667
728,Пировское,57.61666666666667,92.25
729,Саяногорск,53.1,91.4
730,Северо-Енисейский,60.380213,0
731,Тасеево,57.2,94.88333333333334
732,Туруханск,65.78333333333333,87.95
733,Ужур,55.31666666666667,89.81666666666666
734,Усть-Авам,71.1,92.81666666666666
735,Уяр,55.81666666666667,94.31666666666666
736,Черногорск,53.81666666666667,91.28333333333333
737,Шалинское,55.71666666666667,93.75
738,Шарыпово,55.516666666666666,89.2
739,Шушенское,53.31666666666667,91.93333333333334
740,Варгаши,55.36666666666667,65.81666666666666
741,Глядянское,54.9,65.08333333333333
742,Далматово,56.266666666666666,62.916666666666664
743,Каргаполье,55.95,64.43333333333334
744,Катайск,56.3,62.56666666666667
745,Куртамыш,54.9,64.43333333333334
746,Макушино,55.2,67.25
747,Сафакулево,54.98333333333333,62.53333333333333
748,Шадринск,56.083333333333336,63.63333333333333
749,Большое Солдатское,51.333333333333336,35.5
750,Горшечное,51.516666666666666,38.016666666666666
751,Дмитриев-Льговский,52.11666666666667,35.06666666666667
752,Касторное,51.81666666666667,38.11666666666667
753,Конышевка,51.833333333333336,35.28333333333333
754,Коренево,51.4,34.88333333333333
755,Курск,51.71666666666667,36.18333333333333
756,Кшенский,51.833333333333336,37.71666666666667
757,Льгов,51.66666666666666,35.266666666666666
758,Медвенка,51.41666666666666,36.11666666666667
759,Обоянь,51.2,36.266666666666666
760,Поныри,52.31666666666667,36.3
761,Пристень,51.23333333333333,36.68333333333333
762,Прямицыно,51.65,35.93333333333333
763,Рыльск,51.56666666666667,34.68333333333333
764,Суджа,51.0,26.5
765,Фатеж,52.083333333333336,35.85
766,Черемисиново,51.88333333333333,37.25
767,Щигры,51.86666666666667,36.9
768,Грязи,52.5,39.93333333333333
769,Елец,52.61666666666667,38.46666666666667
770,Задонск,52.38333333333333,38.916666666666664
771,Лебедянь,53.0,41.59
772,Липецк,52.61666666666667,39.6
773,Тербуны,52.13333333333333,38.266666666666666
774,Усмань,52.05,39.733333333333334
775,Анадырь,64.73333333333333,177.51666666666668
776,Атка,60.833333333333336,151.78333333333333
777,Балыгычан,63.9868,154.2446
778,Беринговский,63.05,179.35
779,Билибино,68.05,166.45
780,Кадыкчан,63.083333333333336,147.03333333333333
781,Магадан,59.56666666666667,150.8
782,Ола,59.56666666666667,151.3
783,Омсукчан,62.5,155.76666666666668
784,Певек,69.7,170.31666666666666
785,Провидения,64.0,43.54
786,Сусуман,62.78333333333333,148.15
787,Усть-Белая,65.5,173.26666666666668
788,Усть-Омчуг,61.15,149.63333333333333
789,Эвенск,61.91666666666666,159.23333333333332
790,Эгвекинот,66.31666666666666,179.11666666666667
791,Волжск,55.86666666666667,48.35
792,Звенигово,55.96666666666667,48.016666666666666
793,Йошкар-Ола,56.61666666666667,47.88333333333333
794,Килемары,56.766666666666666,46.85
795,Козьмодемьянск,56.333333333333336,46.56666666666667
796,Куженер,56.81666666666667,48.916666666666664
797,Мари-Турек,56.78333333333333,49.6
798,Морки,56.41666666666666,49.0
799,Оршанка,56.91666666666666,47.88333333333333
800,Параньга,56.7,49.38333333333333
801,Сернур,56.93333333333333,49.13333333333333
802,Атюрьево,54.31666666666667,43.333333333333336
803,Атяшево,54.583333333333336,46.1
804,Большие Березники,54.16666666666666,45.96666666666667
805,Большое Игнатово,55.016666666666666,45.56666666666667
806,Зубова Поляна,54.083333333333336,42.81666666666667
807,Кадошкино,54.030396,0
808,Кемля,54.68333333333333,45.21666666666667
809,Ковылкино,54.03333333333333,43.916666666666664
810,Лямбирь,54.266666666666666,45.11666666666667
811,Рузаевка,54.06666666666667,44.95
812,Саранск,54.18333333333333,45.18333333333333
813,Старое Шайгово,54.3,44.46666666666667
814,Темников,54.63333333333333,43.21666666666667
815,Теньгушево,54.766666666666666,42.71666666666667
816,Апатиты,67.56666666666666,33.38333333333333
817,Африканда,67.43333333333334,32.766666666666666
818,Верхнетуломский,68.6,31.783333333333335
819,Заозерск,69.4,32.45
820,Зареченск,66.66666666666667,31.366666666666667
821,Зашеек,67.4,32.53333333333333
822,Зеленоборский,66.83333333333333,32.35
823,Кандалакша,67.15,32.4
824,Кильдинстрой,68.8,33.1
825,Ковдор,67.55,30.466666666666665
826,Мончегорск,67.93333333333334,32.9
827,Мурманск,68.96666666666667,33.083333333333336
828,Мурмаши,68.81666666666666,32.81666666666667
829,Оленегорск,68.15,33.28333333333333
830,Полярные Зори,67.35,32.483333333333334
831,Полярный,69.18333333333334,33.45
832,Североморск,69.06666666666666,33.416666666666664
833,Арзамас,55.38333333333333,43.8
834,Арья,57.48333333333333,45.96666666666667
835,Балахна,56.46666666666667,43.53333333333333
836,Богородск,56.083333333333336,43.5
837,Большое Болдино,55.0,45.3
838,Большое Козино,56.4,43.7
839,Большое Мурашкино,55.766666666666666,44.766666666666666
840,Большое Пикино,56.333333333333336,44.18333333333333
841,Варнавино,57.4,45.083333333333336
842,Васильсурск,56.11666666666667,46.0
843,Вахтан,57.96666666666667,46.68333333333333
844,Виля,55.25,42.2
845,Володарск,56.23333333333333,43.2
846,Воротынец,56.05,45.85
847,Ворсма,55.98333333333333,43.266666666666666
848,Выкса,55.31666666666667,42.166666666666664
849,Горбатов,56.13333333333333,43.06666666666667
850,Горбатовка,56.25,43.733333333333334
851,Городец,56.65,43.46666666666667
852,Дальнее Константиново,55.8,44.1
853,Дивеево,55.03333333333333,43.21666666666667
854,Досчатое,55.38333333333333,42.1
855,Катунки,56.81666666666667,43.2
856,Керженец,56.0903,44.9642
857,Княгинино,55.81666666666667,45.03333333333333
858,Ковернино,57.11666666666667,43.8
859,Красные Баки,57.11666666666667,45.15
860,Кстово,56.15,44.18333333333333
861,Кулебаки,55.41666666666666,42.516666666666666
862,Лукоянов,55.03333333333333,44.483333333333334
863,Лысково,56.0,45.016666666666666
864,Навашино,55.53333333333333,42.2
865,Нижний Новгород,56.31666666666667,44.0
866,Павлово,55.95,43.083333333333336
867,Пильна,55.55,45.916666666666664
868,Саров,54.93333333333333,43.31666666666667
869,Сергач,55.53333333333333,45.46666666666667
870,Сеченово,55.21666666666667,45.88333333333333
871,Тонкино,57.36666666666667,46.45
872,Тоншаево,57.73333333333333,47.016666666666666
873,Урень,57.46666666666667,45.78333333333333
874,Шаранга,57.16666666666666,46.53333333333333
875,Шатки,55.18333333333333,44.15
876,Шахунья,57.66666666666666,46.61666666666667
877,Батецкий,58.63333333333333,30.3
878,Боровичи,58.38333333333333,33.9
879,Валдай,57.96666666666667,33.25
880,Любытино,58.8,33.38333333333333
881,Малая Вишера,58.85,32.21666666666667
882,Новгород,58.516666666666666,31.266666666666666
883,Окуловка,58.38333333333333,33.3
884,Парфино,57.96666666666667,31.65
885,Пестово,58.6,35.81666666666667
886,Поддорье,57.46666666666667,31.116666666666667
887,Сольцы,58.11666666666667,30.316666666666666
888,Старая Русса,57.98333333333333,31.35
889,Чудово,59.11666666666667,31.65
890,Шимск,58.2,30.7
891,Барабинск,55.35,78.35
892,Бердск,54.75,83.1
893,Биаза,56.583333333333336,78.3
894,Болотное,55.66666666666666,84.4
895,Венгерово,55.68333333333333,76.73333333333333
896,Довольное,54.48333333333333,79.66666666666667
897,Искитим,54.63333333333333,83.3
898,Краснозерское,53.98333333333333,79.25
899,Кыштовка,56.55,76.61666666666666
900,Маслянино,54.333333333333336,84.21666666666667
901,Новосибирск,55.016666666666666,82.91666666666667
902,Ордынское,54.36666666666667,81.9
903,Сузун,53.78333333333333,82.31666666666666
904,Татарск,55.21666666666667,75.96666666666667
905,Тогучин,55.23333333333333,84.38333333333334
906,Усть-Тарка,55.56666666666667,75.7
907,Черепаново,54.21666666666667,83.36666666666666
908,Чистоозерное,54.7,76.56666666666666
909,Большие Уки,56.944553,0
910,Исилькуль,54.9,71.25
911,Калачинск,55.05,74.58333333333333
912,Кормиловка,55.000906,0
913,Крутинка,56.0,71.5
914,Любинский,55.15,72.7
915,Называевск,55.56666666666667,71.35
916,Нововаршавка,54.16666666666666,74.68333333333334
917,Одесское,54.211502,0
918,Оконешниково,54.833333333333336,75.06666666666666
919,Омск,54.96666666666667,73.38333333333334
920,Павлоградка,54.2,73.55
921,Саргатское,55.6,73.48333333333333
922,Тевриз,57.516666666666666,72.4
923,Тюкалинск,55.86666666666667,72.2
924,Усть-Ишим,57.68333333333333,71.16666666666667
925,Шербакуль,54.63333333333333,72.38333333333334
926,Абдулино,53.68333333333333,53.65
927,Айдырлинский,52.05,59.75
928,Акбулак,51.0,55.61666666666667
929,Аккермановка,51.18333333333333,58.21666666666667
930,Асекеево,53.56666666666667,52.8
931,Беляевка,46.48333333333333,30.2
932,Бугуруслан,53.61666666666667,52.416666666666664
933,Бузулук,52.766666666666666,52.266666666666666
934,Домбаровский,50.75,59.53333333333333
935,Ириклинский,51.66666666666666,58.63333333333333
936,Кувандык,51.48333333333333,57.35
937,Курманаевка,52.509321,0
938,Медногорск,51.422085,0
939,Новоорск,51.35,59.03333333333333
940,Новотроицк,51.2,58.31666666666667
941,Оренбург,51.766666666666666,55.1
942,Орск,51.2,58.61666666666667
943,Переволоцкий,51.86666666666667,54.18333333333333
944,Саракташ,51.78333333333333,56.35
945,Соль-Илецк,51.16666666666666,54.983333333333334
946,Сорочинск,52.43333333333333,53.15
947,Тоцкое,52.516666666666666,52.733333333333334
948,Тюльган,52.333333333333336,56.15
949,Ясный,51.03333333333333,59.86666666666667
950,Болхов,53.45,36.0
951,Глазуновка,52.48333333333333,36.31666666666667
952,Дмитровск-Орловский,52.505504,0
953,Долгое,59.7,30.1
954,Залегощь,52.9,36.88333333333333
955,Колпны,52.21666666666667,37.016666666666666
956,Кромы,52.68333333333333,35.766666666666666
957,Ливны,52.0,31.1
958,Мценск,53.266666666666666,36.56666666666667
959,Нарышкино,52.96666666666667,35.71666666666667
960,Новосиль,52.96666666666667,37.05
961,Сосково,52.73333333333333,35.38333333333333
962,Хотынец,53.0,29.698
963,Башмаково,53.2,43.03333333333333
964,Беднодемьяновск,53.93333333333333,43.18333333333333
965,Вадинск,53.68333333333333,43.05
966,Верхозим,52.9,46.35
967,Земетчино,53.48333333333333,42.6
968,Каменка,69.4,161.25
969,Колышлей,52.7,44.53333333333333
970,Кондоль,52.8,45.05
971,Кузнецк,53.11666666666667,46.6
972,Малая Сердоба,52.466245,0
973,Мокшан,53.43333333333333,44.6
974,Наровчат,53.86666666666667,43.68333333333333
975,Неверкино,52.787985,0
976,Нижний Ломов,53.53333333333333,43.68333333333333
977,Пачелма,53.31666666666667,43.3
978,Пенза,53.2,45.0
979,Русский Камешкир,52.865718,0
980,Сердобск,52.46666666666667,44.21666666666667
981,Шемышейка,52.88333333333333,45.38333333333333
982,Березники,59.4,56.8
983,Большая Соснова,57.673434,0
984,Верещагино,58.06666666666667,54.65
985,Горнозаводск,58.38333333333333,58.31666666666667
986,Гремячинск,58.56666666666667,57.833333333333336
987,Губаха,58.86666666666667,57.583333333333336
988,Добрянка,58.45,56.416666666666664
989,Зюкайка,58.2,54.68333333333333
990,Керчевский,59.85,56.31666666666667
991,Кизел,59.05,57.65
992,Красновишерск,60.4,57.06666666666667
993,Краснокамск,58.083333333333336,55.75
994,Кудымкар,59.016666666666666,54.666666666666664
995,Кунгур,57.43333333333333,56.93333333333333
996,Лысьва,58.0,01.37
997,Ныроб,60.73333333333333,56.71666666666667
998,Нытва,57.93333333333333,55.333333333333336
999,Оханск,57.71666666666667,55.38333333333333
1000,Очер,57.88333333333333,54.71666666666667
1001,Пермь,58.0,56.233333333333334
1002,Соликамск,59.63333333333333,56.766666666666666
1003,Суксун,57.13333333333333,57.38333333333333
1004,Уинское,56.86666666666667,56.56666666666667
1005,Усолье,59.41666666666666,56.68333333333333
1006,Чердынь,60.4,56.483333333333334
1007,Чусовой,58.28333333333333,57.81666666666667
1008,Юрла,59.31666666666667,54.31666666666667
1009,Большой Камень,43.11666666666667,132.35
1010,Владивосток,43.11666666666667,131.9
1011,Высокогорск,44.0,15.12
1012,Горные Ключи,45.23333333333333,133.5
1013,Дальнегорск,44.56666666666667,135.61666666666667
1014,Дальнереченск,45.93333333333333,133.73333333333332
1015,Кавалерово,44.266666666666666,135.05
1016,Камень-Рыболов,44.740055,0
1017,Лесозаводск,45.46666666666667,133.4
1018,Лучегорск,46.45,134.28333333333333
1019,Находка,42.81666666666667,132.88333333333333
1020,Партизанск,43.13333333333333,133.13333333333333
1021,Спасск-Дальний,44.6,132.81666666666666
1022,Терней,45.03333333333333,136.6
1023,Уссурийск,43.8,131.95
1024,Хороль,44.41666666666666,132.06666666666666
1025,Бежаницы,56.96666666666667,29.883333333333333
1026,Великие Луки,56.35,30.516666666666666
1027,Гдов,58.73333333333333,27.816666666666666
1028,Дедовичи,57.55,29.95
1029,Заплюсье,58.43333333333333,29.733333333333334
1030,Идрица,56.31666666666667,28.883333333333333
1031,Красногородское,56.81666666666667,28.266666666666666
1032,Невель,56.016666666666666,29.933333333333334
1033,Новоржев,57.03333333333333,29.333333333333332
1034,Новосокольники,56.333333333333336,30.15
1035,Опочка,56.71666666666667,28.65
1036,Печоры,57.81666666666667,27.6
1037,Порхов,57.766666666666666,29.55
1038,Псков,57.81666666666667,28.333333333333332
1039,Пустошка,56.333333333333336,29.366666666666667
1040,Пушкинские Горы,57.016666666666666,28.916666666666668
1041,Пыталово,57.06666666666667,27.916666666666668
1042,Себеж,56.28333333333333,28.483333333333334
1043,Усвяты,55.73333333333333,30.75
1044,Азов,47.1,39.416666666666664
1045,Алмазный,62.45,114.31666666666666
1046,Багаевский,47.31666666666667,40.38333333333333
1047,Батайск,47.13333333333333,39.75
1048,Белая Калитва,48.16666666666666,40.78333333333333
1049,Боковская,49.21666666666667,41.833333333333336
1050,Большая Мартыновка,47.276279,0
1051,Вешенская,49.61666666666667,41.71666666666667
1052,Волгодонск,47.53333333333333,42.2
1053,Гуково,48.05,39.93333333333333
1054,Донецк,48.0,37.8
1055,Егорлыкская,46.55,40.65
1056,Зверево,48.016666666666666,40.11666666666667
1057,Зерноград,46.0,47.49
1058,Кагальницкая,46.86666666666667,40.15
1059,Каменск-Шахтинский,48.31666666666667,40.266666666666666
1060,Коксовый,48.206181,0
1061,Константиновск,47.583333333333336,41.1
1062,Красный Сулин,47.88333333333333,40.06666666666667
1063,Матвеев Курган,47.56666666666667,38.86666666666667
1064,Мигулинская,49.68333333333333,41.25
1065,Миллерово,48.91666666666666,40.4
1066,Милютинская,48.61666666666667,41.666666666666664
1067,Морозовск,48.35,41.833333333333336
1068,Новочеркасск,47.43333333333333,40.083333333333336
1069,Новошахтинск,47.766666666666666,39.916666666666664
1070,Обливская,48.53333333333333,42.483333333333334
1071,Песчанокопское,46.18333333333333,41.06666666666667
1072,Ремонтное,46.55,43.65
1073,Родионово-Несветайская,47.6,39.7
1074,Ростов-на-Дону,47.23333333333333,39.7
1075,Сальск,46.48333333333333,41.53333333333333
1076,Семикаракорск,47.516666666666666,40.8
1077,Таганрог,47.23333333333333,38.88333333333333
1078,Тарасовский,48.71666666666667,40.35
1079,Тацинский,48.18333333333333,41.266666666666666
1080,Усть-Донецкий,47.63333333333333,40.85
1081,Цимлянск,47.63333333333333,42.083333333333336
1082,Чалтырь,47.28333333333333,39.5
1083,Шахты,47.0,43.96
1084,Шолоховский,48.266666666666666,41.03333333333333
1085,Гусь Железный,55.05,41.15
1086,Елатьма,54.96666666666667,41.75
1087,Ермишь,54.766666666666666,42.266666666666666
1088,Кадом,54.56666666666667,42.46666666666667
1089,Касимов,54.95,41.38333333333333
1090,Кораблино,53.91666666666666,40.016666666666666
1091,Пителино,54.56666666666667,41.8
1092,Пронск,54.11666666666667,39.583333333333336
1093,Рыбное,54.73333333333333,39.516666666666666
1094,Ряжск,53.71666666666667,40.06666666666667
1095,Рязань,54.61666666666667,39.71666666666667
1096,Сасово,54.35,41.916666666666664
1097,Скопин,53.81666666666667,39.55
1098,Спас-Клепики,55.13333333333333,40.166666666666664
1099,Спасск-Рязанский,54.4,40.38333333333333
1100,Старожилово,54.21666666666667,39.9
1101,Ухолово,53.78333333333333,40.483333333333334
1102,Чучково,54.266666666666666,41.43333333333333
1103,Безенчук,52.981823,0
1104,Большая Черниговка,52.083333333333336,50.86666666666667
1105,Жигулевск,53.4,49.5
1106,Зольное,53.43333333333333,49.78333333333333
1107,Исаклы,54.13333333333333,51.516666666666666
1108,Кинель,53.23333333333333,50.61666666666667
1109,Новокуйбышевск,53.1,49.916666666666664
1110,Отрадный,53.36666666666667,51.35
1111,Пестравка,52.4,49.95
1112,Похвистнево,53.65,52.13333333333333
1113,Самара,53.18333333333333,50.11666666666667
1114,Сызрань,53.16666666666666,48.46666666666667
1115,Тольятти,53.516666666666666,49.416666666666664
1116,Чапаевск,52.98333333333333,49.71666666666667
1117,Челно-Вершины,54.4,51.083333333333336
1118,Шентала,54.43333333333333,51.46666666666667
1119,Шигоны,53.38333333333333,48.666666666666664
1120,Александров Гай,50.13333333333333,48.55
1121,Аркадак,51.93333333333333,43.5
1122,Аткарск,51.86666666666667,45.0
1123,Базарный Карабулак,52.266666666666666,46.4
1124,Балаково,52.03333333333333,47.78333333333333
1125,Балтай,52.465658,0
1126,Вольск,52.05,47.38333333333333
1127,Духовницкое,52.48333333333333,48.2
1128,Калининск,51.5,44.45
1129,Красный Кут,50.95,46.96666666666667
1130,Мокроус,51.0,18.8
1131,Новоузенск,50.45,48.15
1132,Новые Бурасы,52.11666666666667,46.06666666666667
1133,Озинки,51.2,49.7
1134,Питерка,50.66666666666666,47.43333333333333
1135,Ртищево,52.25,43.78333333333333
1136,Саратов,51.53333333333333,46.0
1137,Татищево,51.66666666666666,45.583333333333336
1138,Хвалынск,52.48333333333333,48.1
1139,Абый,68.0,37.94
1140,Амга,62.6281,134.9197
1141,Батагай,67.65,134.63333333333333
1142,Бердигестях,62.083333333333336,126.7
1143,Беркакит,56.56666666666667,124.76666666666667
1144,Борогонцы,62.66666666666666,131.16666666666666
1145,Верхневилюйск,63.0,2.01
1146,Верхнеколымск,65.71666666666667,150.83333333333334
1147,Верхоянск,67.55,133.38333333333333
1148,Вилюйск,63.75,121.61666666666666
1149,Витим,59.4685,112.6013
1150,Жиганск,66.76666666666667,123.36666666666666
1151,Кангалассы,62.333333333333336,129.95
1152,Канкунский,57.61666666666667,126.01666666666667
1153,Ленск,60.71666666666667,114.9
1154,Нерюнгри,56.0,30
1155,Нычалах,69.93333333333334,146.2
1156,Нюрба,63.28333333333333,118.33333333333333
1157,Олекминск,60.38333333333333,120.43333333333334
1158,Сангар,63.91666666666666,127.48333333333333
1159,Саскылах,71.0,55.14
1160,Среднеколымск,67.458,0
1161,Сунтар,62.15,117.63333333333334
1162,Тикси,71.0,12.61
1163,Усть-Мая,60.4,134.53333333333333
1164,Усть-Нера,64.56666666666666,143.23333333333332
1165,Хонуу,66.45,143.21666666666667
1166,Чокурдах,70.6192,0
1167,Чурапча,61.98333333333333,132.41666666666666
1168,Якутск,62.016666666666666,129.71666666666667
1169,Александровск-Сахалинский,50.9,142.15
1170,Долинск,47.31666666666667,142.8
1171,Катангли,51.7,143.21666666666667
1172,Курильск,45.25,0
1173,Невельск,46.65,141.86666666666667
1174,Ноглики,51.78333333333333,143.13333333333333
1175,Оха,53.583333333333336,142.95
1176,Поронайск,49.21666666666667,143.1
1177,Северо-Курильск,50.66666666666666,156.11666666666667
1178,Смирных,49.75,0
1179,Тымовское,50.85,142.65
1180,Холмск,47.03333333333333,142.03333333333333
1181,Южно-Курильск,44.016666666666666,145.85
1182,Южно-Сахалинск,46.95,142.73333333333332
1183,Алапаевск,57.85,61.7
1184,Арамиль,56.7,60.833333333333336
1185,Арти,56.41666666666666,58.53333333333333
1186,Ачит,56.78333333333333,57.88333333333333
1187,Басьяновский,58.3,60.733333333333334
1188,Буланаш,57.28333333333333,61.983333333333334
1189,Верхний Тагил,57.38333333333333,59.93333333333333
1190,Верхняя Пышма,56.96666666666667,60.583333333333336
1191,Верхняя Салда,58.05,60.55
1192,Верхняя Синячиха,57.98333333333333,61.68333333333333
1193,Верхняя Сысерть,56.43333333333333,60.75
1194,Верхняя Тура,58.0,26.76
1195,Верхотурье,58.86666666666667,60.8
1196,Дегтярск,56.7,60.1
1197,Екатеринбург,56.833333333333336,60.583333333333336
1198,Ертарский,56.78333333333333,64.3
1199,Заводоуспенское,56.85,65.0
1200,Зыряновский,57.75,61.63333333333333
1201,Зюзельский,56.48333333333333,60.13333333333333
1202,Ивдель,60.68333333333333,60.43333333333333
1203,Ирбит,57.66666666666666,63.06666666666667
1204,Каменск-Уральский,56.4,61.93333333333333
1205,Камышлов,56.85,62.71666666666667
1206,Карпинск,59.766666666666666,60.0
1207,Карпунинский,58.71666666666667,61.78333333333333
1208,Качканар,58.7,59.483333333333334
1209,Кировград,57.43333333333333,60.06666666666667
1210,Краснотурьинск,59.766666666666666,60.2
1211,Красноуральск,58.35,60.05
1212,Красноуфимск,56.61666666666667,57.766666666666666
1213,Кушва,58.28333333333333,59.733333333333334
1214,Невьянск,57.48333333333333,60.2
1215,Нижние Серги,56.66666666666666,59.3
1216,Нижний Тагил,57.91666666666666,59.96666666666667
1217,Нижняя Салда,58.083333333333336,60.71666666666667
1218,Нижняя Тура,58.61666666666667,59.833333333333336
1219,Новая Ляля,59.05,60.6
1220,Новоуральск,57.25,60.083333333333336
1221,Оус,60.9,61.516666666666666
1222,Первоуральск,56.91666666666666,59.95
1223,Полевской,56.45,60.18333333333333
1224,Пышма,57.1175,66.3364
1225,Реж,57.36666666666667,61.4
1226,Свердловск,56.833333333333336,60.583333333333336
1227,Североуральск,60.15,59.93333333333333
1228,Среднеуральск,56.98333333333333,60.46666666666667
1229,Талица,57.0,63.71666666666667
1230,Тугулым,57.05,64.63333333333334
1231,Туринск,58.03333333333333,63.7
1232,Туринская Слобода,57.6,64.38333333333334
1233,Алагир,43.03333333333333,44.2
1234,Беслан,43.18889,0
1235,Бурон,42.78333333333333,44.0
1236,Владикавказ,43.01667,0
1237,Дигора,43.15,44.15
1238,Моздок,43.736575,0
1239,Чикола,43.195555,0
1240,Велиж,55.6,31.2
1241,Верхнеднепровский,54.96666666666667,33.333333333333336
1242,Ворга,53.757,0
1243,Вязьма,55.2,34.28333333333333
1244,Гагарин,71.0,S
1245,Голынки,54.86666666666667,31.366666666666667
1246,Десногорск,54.0,11.11
1247,Дорогобуж,54.91666666666666,33.3
1248,Духовщина,55.2,32.416666666666664
1249,Екимовичи,54.113195,0
1250,Ельня,54.56666666666667,33.166666666666664
1251,Ершичи,53.66666666666666,32.75
1252,Издешково,55.13333333333333,33.61666666666667
1253,Новодугино,55.61666666666667,34.28333333333333
1254,Рославль,53.93333333333333,32.85
1255,Смоленск,54.766666666666666,32.03333333333333
1256,Сычевка,55.833333333333336,34.28333333333333
1257,Угра,54.5072,36.1067
1258,Хиславичи,54.18333333333333,32.15
1259,Холм-Жирковский,55.516666666666666,33.46666666666667
1260,Шумячи,53.85,32.416666666666664
1261,Ярцево,55.06666666666667,32.68333333333333
1262,Арзгир,45.36666666666667,44.21666666666667
1263,Благодарный,45.1029039,0
1264,Буденновск,44.79,0
1265,Георгиевск,44.15,43.46666666666667
1266,Ессентуки,44.03333333333333,42.85
1267,Железноводск,44.13333333333333,43.03333333333333
1268,Зеленокумск,44.4070115,0
1269,Изобильный,45.36666666666667,41.71666666666667
1270,Иноземцево,44.1,43.1
1271,Ипатово,45.71666666666667,42.9
1272,Карачаевск,43.769713,0
1273,Кисловодск,43.9,42.71666666666667
1274,Кочубеевское,44.6706382,0
1275,Курсавка,44.45,42.483333333333334
1276,Левокумское,44.81666666666667,44.65
1277,Минеральные Воды,44.2,43.1
1278,Невинномысск,44.63333333333333,41.93333333333333
1279,Нефтекумск,44.75,44.96666666666667
1280,Новоалександровск,45.48333333333333,41.21666666666667
1281,Новоалександровская,45.48333333333333,41.21666666666667
1282,Новопавловск,43.95,43.63333333333333
1283,Новоселицкое,44.75,43.43333333333333
1284,Пятигорск,44.0499664,0
1285,Светлоград,45.31666666666667,42.85
1286,Солнечнодольск,45.3,41.5
1287,Ставрополь,45.03333333333333,41.96666666666667
1288,Теберда,43.449437,0
1289,Усть-Джегута,44.083333333333336,41.96666666666667
1290,Хабез,44.033334,0
1291,Черкесск,44.213888,0
1292,Гавриловка Вторая,46.16666666666666,33.46666666666667
1293,Жердевка,51.833333333333336,41.46666666666667
1294,Инжавино,52.0,26.61
1295,Кирсанов,52.65,42.733333333333334
1296,Котовск,52.583333333333336,41.5
1297,Мичуринск,52.88333333333333,40.483333333333334
1298,Моршанск,53.45,41.8
1299,Мучкапский,51.85,42.45
1300,Рассказово,52.66666666666666,41.88333333333333
1301,Ржакса,52.13333333333333,42.016666666666666
1302,Староюрьево,53.31666666666667,40.7
1303,Тамбов,52.71666666666667,41.43333333333333
1304,Уварово,51.98333333333333,42.266666666666666
1305,Агрыз,56.516666666666666,52.983333333333334
1306,Азнакаево,54.85,53.06666666666667
1307,Аксубаево,54.833333333333336,50.78333333333333
1308,Альметьевск,54.9,52.3
1309,Апастово,55.2,48.5
1310,Арск,56.083333333333336,49.86666666666667
1311,Бавлы,54.4,53.25
1312,Базарные Матаки,54.9,49.916666666666664
1313,Балтаси,56.333333333333336,50.2
1314,Богатые Сабы,56.0,50.43333333333333
1315,Бугульма,54.53333333333333,52.78333333333333
1316,Верхний Услон,55.766666666666666,48.983333333333334
1317,Дербешкинский,55.85,53.483333333333334
1318,Елабуга,55.766666666666666,52.03333333333333
1319,Заинск,55.3,52.016666666666666
1320,Зеленодольск,55.85,48.516666666666666
1321,Казань,55.78333333333333,49.1
1322,Камское Устье,55.2,49.266666666666666
1323,Карабаш,55.48333333333333,60.2
1324,Кукмор,56.16666666666666,50.9
1325,Лаишево,55.4,49.55
1326,Лениногорск,54.0,55.93
1327,Мамадыш,55.7,51.4
1328,Менделеевск,55.9,52.31666666666667
1329,Мензелинск,55.71666666666667,53.083333333333336
1330,Набережные Челны,55.7,52.333333333333336
1331,Нижнекамск,55.63333333333333,51.81666666666667
1332,Новошешминск,55.05,51.233333333333334
1333,Нурлат,54.43333333333333,50.8
1334,Пестрецы,55.75,49.65
1335,Рыбная Слобода,55.45,50.15
1336,Сарманово,55.25,52.583333333333336
1337,Старое Дрожжаное,54.71666666666667,47.55
1338,Тетюши,54.93333333333333,48.833333333333336
1339,Чистополь,55.36666666666667,50.63333333333333
1340,Андреаполь,56.65,32.266666666666666
1341,Бежецк,57.78333333333333,36.7
1342,Белый Городок,56.95,37.516666666666666
1343,Бологое,57.86666666666667,34.06666666666667
1344,Васильевский Мох,57.0,35.916666666666664
1345,Вышний Волочек,57.583333333333336,34.56666666666667
1346,Жарковский,55.833333333333336,32.25
1347,Западная Двина,57.0619,24.0258
1348,Зубцов,56.16666666666666,34.583333333333336
1349,Изоплит,56.61666666666667,36.2
1350,Калязин,57.23333333333333,37.85
1351,Кашин,57.35,37.61666666666667
1352,Кесова Гора,57.583333333333336,37.28333333333333
1353,Кимры,56.86666666666667,37.35
1354,Конаково,56.7,36.766666666666666
1355,Красный Холм,58.06329,0
1356,Кувшиново,57.03333333333333,34.166666666666664
1357,Лихославль,57.11666666666667,35.46666666666667
1358,Максатиха,57.78333333333333,35.88333333333333
1359,Нелидово,56.21666666666667,32.78333333333333
1360,Осташков,57.15,33.1
1361,Пено,56.93333333333333,32.733333333333334
1362,Рамешки,57.333333333333336,36.03333333333333
1363,Ржев,56.25,34.31666666666667
1364,Сандово,58.45,36.4
1365,Селижарово,56.85,33.45
1366,Сонково,57.766666666666666,37.15
1367,Тверь,56.0,28.18
1368,Торжок,57.03333333333333,34.96666666666667
1369,Торопец,56.5,31.633333333333333
1370,Удомля,57.88333333333333,35.016666666666666
1371,Фирово,57.48333333333333,33.7
1372,Асино,57.0,86.15
1373,Каргасок,59.05,80.86666666666666
1374,Катайга,58.833333333333336,87.48333333333333
1375,Колпашево,58.31666666666667,82.91666666666667
1376,Северск,56.6,84.85
1377,Стрежевой,60.73333333333333,77.58333333333333
1378,Томск,56.48333333333333,84.95
1379,Тымск,59.36666666666667,80.28333333333333
1380,Ак-Довурак,51.16666666666666,90.6
1381,Кызыл,51.7,94.36666666666666
1382,Самагалтай,50.0,31.39
1383,Сарыг-Сеп,51.48333333333333,95.55
1384,Тоора-Хем,52.46666666666667,96.11666666666666
1385,Тээли,51.009813,0
1386,Хову-Аксы,51.13,0
1387,Чадан,51.28333333333333,91.56666666666666
1388,Шагонар,51.53333333333333,92.9
1389,Алексин,54.5,37.06666666666667
1390,Бегичевский,53.78333333333333,38.25
1391,Белев,53.8,36.13333333333333
1392,Богородицк,53.766666666666666,38.13333333333333
1393,Болохово,54.083333333333336,37.81666666666667
1394,Велегож,54.68333333333333,37.266666666666666
1395,Венев,54.35,38.266666666666666
1396,Епифань,53.81666666666667,38.55
1397,Заокский,54.73333333333333,37.4
1398,Кимовск,53.96666666666667,38.53333333333333
1399,Киреевск,53.93333333333333,37.93333333333333
1400,Одоев,53.93333333333333,36.68333333333333
1401,Плавск,53.7,37.3
1402,Тула,54.2,37.61666666666667
1403,Узловая,53.0,44.91
1404,Щекино,54.0,37.516666666666666
1405,Абатский,56.28333333333333,70.45
1406,Аксарка,66.55,67.8
1407,Армизонское,55.94324,0
1408,Аромашево,56.862332,0
1409,Большое Сорокино,56.61666666666667,69.78333333333333
1410,Вагай,57.9761,68.99
1411,Винзили,56.95,65.76666666666667
1412,Голышманово,56.38333333333333,68.36666666666666
1413,Губкинский,64.43333333333334,76.5
1414,Заводопетровский,56.833333333333336,66.71666666666667
1415,Заводоуковск,56.5,66.55
1416,Излучинск,60.95,76.88333333333334
1417,Ишим,56.11666666666667,69.5
1418,Казым-Мыс,64.669932,0
1419,Когалым,62.266666666666666,74.48333333333333
1420,Красноселькуп,65.7,82.45
1421,Лабытнанги,66.65,66.38333333333334
1422,Ларьяк,61.1,80.25
1423,Мегион,61.016666666666666,76.1
1424,Муравленко,63.78333333333333,74.48333333333333
1425,Надым,65.53333333333333,72.51666666666667
1426,Нефтеюганск,61.1,72.6
1427,Нижневартовск,60.93333333333333,76.56666666666666
1428,Нижняя Тавда,57.674342,0
1429,Новый Уренгой,66.08333333333333,76.66666666666667
1430,Ноябрьск,63.2,75.45
1431,Нягань,62.13333333333333,65.38333333333334
1432,Омутинский,56.46666666666667,67.65
1433,Салехард,66.53333333333333,66.63333333333334
1434,Сургут,61.25,73.43333333333334
1435,Тазовский,67.45,78.7
1436,Тарко-Сале,64.9,77.76666666666667
1437,Тобольск,58.18333333333333,68.25
1438,Тюмень,57.15,65.53333333333333
1439,Унъюган,61.95,64.95
1440,Упорово,56.3,66.25
1441,Урай,60.13333333333333,64.78333333333333
1442,Ханты-Мансийск,61.0,69.0
1443,Ялуторовск,56.65,66.3
1444,Яр-Сале,66.85,70.81666666666666
1445,Алнаши,56.18333333333333,52.46666666666667
1446,Балезино,57.96666666666667,53.0
1447,Вавож,56.766666666666666,51.916666666666664
1448,Воткинск,57.05,54.0
1449,Глазов,58.13333333333333,52.666666666666664
1450,Грахово,56.03333333333333,51.95
1451,Дебесы,57.65,53.81666666666667
1452,Ижевск,56.85,53.2
1453,Кама,55.3639,49.9978
1454,Камбарка,56.266666666666666,54.2
1455,Каракулино,56.016666666666666,53.7
1456,Кез,57.88333333333333,53.7
1457,Кизнер,56.28333333333333,51.5
1458,Можга,56.45,52.21666666666667
1459,Сарапул,56.46666666666667,53.8
1460,Селты,57.3,52.13333333333333
1461,Сюмси,57.1,51.6
1462,Шаркан,57.28333333333333,53.85
1463,Юкаменское,57.88333333333333,52.233333333333334
1464,Якшур-Бодья,57.18333333333333,53.15
1465,Базарный Сызган,53.75,46.75
1466,Большое Нагаткино,54.516666666666666,47.96666666666667
1467,Вешкайма,54.05,47.13333333333333
1468,Игнатовка,53.93333333333333,47.65
1469,Инза,53.85,46.35
1470,Ишеевка,54.41666666666666,48.266666666666666
1471,Канадей,53.15,47.516666666666666
1472,Карсун,54.18333333333333,46.96666666666667
1473,Кузоватово,53.53333333333333,47.68333333333333
1474,Новая Малыкла,54.0,19.8
1475,Сенгилей,53.96666666666667,48.8
1476,Старая Кулатка,52.71666666666667,47.6
1477,Старая Майна,54.6,48.916666666666664
1478,Сурское,54.46666666666667,46.71666666666667
1479,Тереньга,53.71666666666667,48.36666666666667
1480,Ульяновск,54.31666666666667,48.36666666666667
1481,Дарьинское,51.0,30.2
1482,Джамбейты,50.25,52.583333333333336
1483,Казталовка,49.75,48.68333333333333
1484,Переметное,51.18333333333333,50.85
1485,Сайхин,48.8,46.766666666666666
1486,Уральск,51.23333333333333,51.36666666666667
1487,Амурск,50.21666666666667,136.9
1488,Биракан,49.0,131.71666666666667
1489,Болонь,49.8614,136.4653
1490,Ванино,49.083333333333336,140.26666666666668
1491,Волочаевка Вторая,48.55,134.56666666666666
1492,Гурское,50.31666666666667,138.11666666666667
1493,Комсомольск-на-Амуре,50.55,137.0
1494,Николаевск-на-Амуре,53.15,140.73333333333332
1495,Облучье,49.0,131.05
1496,Охотск,59.38333333333333,143.3
1497,Переяславка,47.95,135.05
1498,Советская Гавань,48.966373,0
1499,Хабаровск,48.48333333333333,135.06666666666666
1500,Чегдомын,51.11666666666667,133.0
1501,Чумикан,54.7,135.3
1502,Аган,61.3928,74.5897
1503,Игрим,63.18333333333333,64.41666666666667
1504,Лангепас,61.25,75.16666666666667
1505,Лянтор,61.61666666666667,72.16666666666667
1506,Покачи,61.75,75.58333333333333
1507,Приобье,57.0,84
1508,Пыть-Ях,60.75,72.78333333333333
1509,Югорск,61.31666666666667,63.35
1510,Агаповка,53.28333333333333,59.13333333333333
1511,Аргаяш,55.48333333333333,60.86666666666667
1512,Аша,55.0,57.25
1513,Бакал,54.93333333333333,58.8
1514,Бреды,52.41666666666666,60.333333333333336
1515,Варна,43.21666666666667,27.916666666666668
1516,Верхнеуральск,53.88333333333333,59.21666666666667
1517,Верхний Уфалей,56.05,60.233333333333334
1518,Еманжелинск,54.75,61.31666666666667
1519,Златоуст,55.16666666666666,59.666666666666664
1520,Карталы,53.05,60.65
1521,Касли,55.88333333333333,60.75
1522,Катав-Ивановск,54.75,58.2
1523,Копейск,55.1,61.61666666666667
1524,Коркино,54.88333333333333,61.4
1525,Куса,55.333333333333336,59.43333333333333
1526,Кыштым,55.7,60.55
1527,Магнитогорск,53.38333333333333,59.03333333333333
1528,Миасс,55.05,60.1
1529,Сатка,55.05,59.05
1530,Снежинск,56.083333333333336,60.733333333333334
1531,Трехгорный,54.8,58.45
1532,Увельский,54.43333333333333,61.35
1533,Усть-Катав,54.93333333333333,58.166666666666664
1534,Чебаркуль,54.96666666666667,60.36666666666667
1535,Челябинск,55.15,61.4
1536,Южно-Уральск,54.45,61.25
1537,Грозный,43.31666666666667,45.7
1538,Малгобек,43.508882,0
1539,Назрань,43.21666666666667,44.766666666666666
1540,Наурская,43.65,45.3
1541,Ножай-Юрт,43.083333333333336,46.36666666666667
1542,Орджоникидзевская,43.313475,0
1543,Урус-Мартан,43.129123,0
1544,Шали,43.145,0
1545,Аксеново-Зиловское,53.06666666666667,117.5
1546,Александровский Завод,50.91666666666666,117.93333333333334
1547,Амазар,53.85,120.86666666666666
1548,Балей,51.56666666666667,116.63333333333334
1549,Борзя,50.38333333333333,116.53333333333333
1550,Букачача,52.98333333333333,116.91666666666667
1551,Газимурский Завод,51.53333333333333,118.33333333333333
1552,Давенда,53.550104,0
1553,Дарасун,51.63333333333333,113.96666666666667
1554,Дровяная,51.583333333333336,113.03333333333333
1555,Дульдурга,50.0,3
1556,Забайкальск,49.65,117.31666666666666
1557,Итака,38.0,N
1558,Краснокаменск,50.1,118.03333333333333
1559,Красный Чикой,50.35,108.75
1560,Могоча,53.73333333333333,119.76666666666667
1561,Нерчинск,51.98333333333333,116.58333333333333
1562,Нерчинский Завод,51.3,119.61666666666666
1563,Оловянная,50.93333333333333,115.56666666666666
1564,Петровск-Забайкальский,51.28333333333333,108.83333333333333
1565,Приаргунск,50.35,119.06666666666666
1566,Сретенск,52.25,117.71666666666667
1567,Улеты,51.35,112.46666666666667
1568,Чернышевск,52.53333333333333,117.0
1569,Чита,52.03333333333333,113.5
1570,Шилка,53.3342,121.4753
1571,Алатырь,54.85,46.583333333333336
1572,Вурнары,55.48333333333333,46.96666666666667
1573,Ибреси,55.3,47.03333333333333
1574,Канаш,55.5,47.483333333333334
1575,Киря,55.06666666666667,46.85
1576,Красные Четаи,55.68333333333333,46.15
1577,Кугеси,56.016666666666666,47.28333333333333
1578,Мариинский Посад,56.11666666666667,47.71666666666667
1579,Моргауши,55.95,46.75
1580,Новочебоксарск,56.11666666666667,47.483333333333334
1581,Урмары,55.68333333333333,47.95
1582,Цивильск,55.86666666666667,47.483333333333334
1583,Чебоксары,56.11666666666667,47.233333333333334
1584,Шемурша,54.88333333333333,47.53333333333333
1585,Шумерля,55.5,46.416666666666664
1586,Ядрин,55.95,46.2
1587,Яльчики,55.16666666666666,48.0
1588,Пуровск,64.94129,0
1589,Большое Село,57.71666666666667,38.93333333333333
1590,Брейтово,58.3,37.86666666666667
1591,Волга,45.6972,47.8625
1592,Гаврилов Ям,57.3,39.85
1593,Любим,58.35,40.7
1594,Некрасовское,57.66666666666666,40.36666666666667
1595,Новый Некоуз,57.9046,0
1596,Переславль-Залесский,56.0,17.28
1597,Пошехонье-Володарск,58.5,39.11666666666667
1598,Ростов,57.18333333333333,39.416666666666664
1599,Рыбинск,58.05,38.833333333333336
1600,Тутаев,57.88333333333333,39.53333333333333
1601,Углич,57.53333333333333,38.333333333333336
1602,Ярославль,57.61666666666667,39.85
0,Алабино,55.75,37.61666666666667
0,Архангельское,55.75,37.61666666666667
0,Бакшеево,55.75,37.61666666666667
0,Бородино,55.75,37.61666666666667
0,Быково,55.75,37.61666666666667
0,Валуево,55.75,37.61666666666667
0,Внуково,55.75,37.61666666666667
0,Вороново,55.75,37.61666666666667
0,Восточный,55.75,37.61666666666667
0,Востряково,55.75,37.61666666666667
0,Голицино,55.75,37.61666666666667
0,Джержинский,55.75,37.61666666666667
0,Домодедово,55.75,37.61666666666667
0,Дорохово,55.75,37.61666666666667
0,Дубки,55.75,37.61666666666667
0,Железнодорожный,55.75,37.61666666666667
0,Жуковский,55.75,37.61666666666667
0,Запрудная,55.75,37.61666666666667
0,Ильинский,55.75,37.61666666666667
0,Истра,55.75,37.61666666666667
0,Клин,55.75,37.61666666666667
0,Кожино,55.75,37.61666666666667
0,Кокошкино,55.75,37.61666666666667
0,Королев,55.75,37.61666666666667
0,Косино,55.75,37.61666666666667
0,Красноармейск,55.75,37.61666666666667
0,Краснознаменск,55.75,37.61666666666667
0,Крюково,55.75,37.61666666666667
0,Купавна,55.75,37.61666666666667
0,Лопатинский,55.75,37.61666666666667
0,Лукино,55.75,37.61666666666667
0,Львовский,55.75,37.61666666666667
0,Михайловское,55.75,37.61666666666667
0,Михнево,55.75,37.61666666666667
0,Муханово,55.75,37.61666666666667
0,Некрасовка,55.75,37.61666666666667
0,Немчиновка,55.75,37.61666666666667
0,Новоподрезково,55.75,37.61666666666667
0,Обухово,55.75,37.61666666666667
0,Ожерелье,55.75,37.61666666666667
0,Октябрьский,55.75,37.61666666666667
0,Опалиха,55.75,37.61666666666667
0,Первомайский,55.75,37.61666666666667
0,Пески,55.75,37.61666666666667
0,Полушкино,55.75,37.61666666666667
0,Привокзальный,55.75,37.61666666666667
0,Пролетарский,55.75,37.61666666666667
0,Решетниково,55.75,37.61666666666667
0,Родники,55.75,37.61666666666667
0,Рошаль,55.75,37.61666666666667
0,Салтыковка,55.75,37.61666666666667
0,Северный,55.75,37.61666666666667
0,Солнцево,55.75,37.61666666666667
0,Текстильщик,55.75,37.61666666666667
0,Тишково,55.75,37.61666666666667
0,Троицк,55.75,37.61666666666667
0,Уваровка,55.75,37.61666666666667
0,Удельная,55.75,37.61666666666667
0,Успенское,55.75,37.61666666666667
0,Фирсановка,55.75,37.61666666666667
0,Хорлово,55.75,37.61666666666667
0,Черкизово,55.75,37.61666666666667
0,Чехов,55.75,37.61666666666667
0,Шарапово,55.75,37.61666666666667
0,Шатура,55.75,37.61666666666667
0,Шаховская,55.75,37.61666666666667
0,Шереметьевский,55.75,37.61666666666667
0,Александровская,59.95,30.316666666666666
0,Вознесенье,59.95,30.316666666666666
0,Дружная Горка,59.95,30.316666666666666
0,Дубровка,59.95,30.316666666666666
0,Зеленогорск,59.95,30.316666666666666
0,Кировск,59.95,30.316666666666666
0,Коммунар,59.95,30.316666666666666
0,Ломоносов,59.95,30.316666666666666
0,Павловск,59.95,30.316666666666666
0,Пушкин,59.95,30.316666666666666
0,Сланцы,59.95,30.316666666666666
0,Сосновый Бор,59.95,30.316666666666666
0,Акташ,52.43333333333333,84.46666666666667
0,Баево,52.43333333333333,84.46666666666667
0,Белоярск,52.43333333333333,84.46666666666667
0,Боровлянка,52.43333333333333,84.46666666666667
0,Бурла,52.43333333333333,84.46666666666667
0,Волчиха,52.43333333333333,84.46666666666667
0,Горняк,52.43333333333333,84.46666666666667
0,Залесово,52.43333333333333,84.46666666666667
0,Заток,52.43333333333333,84.46666666666667
0,Ключи,52.43333333333333,84.46666666666667
0,Красногорское,52.43333333333333,84.46666666666667
0,Краснощеково,52.43333333333333,84.46666666666667
0,Кулунда,52.43333333333333,84.46666666666667
0,Мамонтово,52.43333333333333,84.46666666666667
0,Петропавловское,52.43333333333333,84.46666666666667
0,Поспелиха,52.43333333333333,84.46666666666667
0,Родино,52.43333333333333,84.46666666666667
0,Славгород,52.43333333333333,84.46666666666667
0,Смоленское,52.43333333333333,84.46666666666667
0,Староаллейское,52.43333333333333,84.46666666666667
0,Троицкое,52.43333333333333,84.46666666666667
0,Усть-Кан,52.43333333333333,84.46666666666667
0,Хабары,52.43333333333333,84.46666666666667
0,Целинное,52.43333333333333,84.46666666666667
0,Чарышское,52.43333333333333,84.46666666666667
0,Шебалино,52.43333333333333,84.46666666666667
0,Шелаболиха,52.43333333333333,84.46666666666667
0,Шипуново,52.43333333333333,84.46666666666667
0,Белогорск,49.978,127.490
0,Благовещенск (Амурская обл.),49.978,127.490
0,Бурея,49.978,127.490
0,Екатеринославка,49.978,127.490
0,Зея,49.978,127.490
0,Ивановка,49.978,127.490
0,Поярково,49.978,127.490
0,Свободный,49.978,127.490
0,Стойба,49.978,127.490
0,Тамбовка,49.978,127.490
0,Ядрино,49.978,127.490
0,Березник,69.75,61.666666666666664
0,Волошка,69.75,61.666666666666664
0,Емца,69.75,61.666666666666664
0,Илеза,69.75,61.666666666666664
0,Кодино,69.75,61.666666666666664
0,Красноборск,69.75,61.666666666666664
0,Мезень,69.75,61.666666666666664
0,Мирный,69.75,61.666666666666664
0,Онега,69.75,61.666666666666664
0,Пинега,69.75,61.666666666666664
0,Плесецк,69.75,61.666666666666664
0,Володарский,46.333333333333336,48.03333333333333
0,Красный Яр,46.333333333333336,48.03333333333333
0,Лиман,46.333333333333336,48.03333333333333
0,Аксаково,52.583333333333336,58.31666666666667
0,Амзя,52.583333333333336,58.31666666666667
0,Аскино,52.583333333333336,58.31666666666667
0,Бакалы,52.583333333333336,58.31666666666667
0,Дуван,52.583333333333336,58.31666666666667
0,Ермолаево,52.583333333333336,58.31666666666667
0,Месягутово,52.583333333333336,58.31666666666667
0,Мраково,52.583333333333336,58.31666666666667
0,Раевский,52.583333333333336,58.31666666666667
0,Федоровка,52.583333333333336,58.31666666666667
0,Шаран,52.583333333333336,58.31666666666667
0,Алексеевка,50.6,36.6
0,Борисовка,50.6,36.6
0,Губкин,50.6,36.6
0,Красногвардейское,50.6,36.6
0,Ракитное,50.6,36.6
0,Строитель,50.6,36.6
0,Алтухово,52.38333333333333,33.483333333333334
0,Вышков,52.38333333333333,33.483333333333334
0,Гордеевка,52.38333333333333,33.483333333333334
0,Жирятино,52.38333333333333,33.483333333333334
0,Жуковка,52.38333333333333,33.483333333333334
0,Климово,52.38333333333333,33.483333333333334
0,Кокаревка,52.38333333333333,33.483333333333334
0,Красная Гора,52.38333333333333,33.483333333333334
0,Локоть,52.38333333333333,33.483333333333334
0,Навля,52.38333333333333,33.483333333333334
0,Бабушкин,54.43333333333333,113.58333333333333
0,Баргузин,54.43333333333333,113.58333333333333
0,Баянгол,54.43333333333333,113.58333333333333
0,Бичура,54.43333333333333,113.58333333333333
0,Выдрино,54.43333333333333,113.58333333333333
0,Илька,54.43333333333333,113.58333333333333
0,Каменск,54.43333333333333,113.58333333333333
0,Орлик,54.43333333333333,113.58333333333333
0,Петропавловка,54.43333333333333,113.58333333333333
0,Романовка,54.43333333333333,113.58333333333333
0,Турунтаево,54.43333333333333,113.58333333333333
0,Александров,56.38333333333333,39.55
0,Андреево,56.38333333333333,39.55
0,Анопино,56.38333333333333,39.55
0,Вербовский,56.38333333333333,39.55
0,Владимир,56.38333333333333,39.55
0,Городищи,56.38333333333333,39.55
0,Гусь Хрустальный,56.38333333333333,39.55
0,Золотково,56.38333333333333,39.55
0,Иванищи,56.38333333333333,39.55
0,Петушки,56.38333333333333,39.55
0,Покров,56.38333333333333,39.55
0,Алексеевская,55.75,37.61666666666667
0,Алущевск,55.75,37.61666666666667
0,Городище,55.75,37.61666666666667
0,Елань,55.75,37.61666666666667
0,Иловля,55.75,37.61666666666667
0,Кириллов,55.75,37.61666666666667
0,Ленинск,55.75,37.61666666666667
0,Михайловка,55.75,37.61666666666667
0,Нехаевский,55.75,37.61666666666667
0,Николаевск,55.75,37.61666666666667
0,Новониколаевский,55.75,37.61666666666667
0,Ольховка,55.75,37.61666666666667
0,Рудня,55.75,37.61666666666667
0,Серафимович,55.75,37.61666666666667
0,Кадуй,59.38333333333333,35.95
0,Никольск,59.38333333333333,35.95
0,Сокол,59.38333333333333,35.95
0,Шуйское,59.38333333333333,35.95
0,Анна,49.93333333333333,40.55
0,Бобров,49.93333333333333,40.55
0,Воробьевка,49.93333333333333,40.55
0,Грибановский,49.93333333333333,40.55
0,Давыдовка,49.93333333333333,40.55
0,Калач,49.93333333333333,40.55
0,Нижнедевицк,49.93333333333333,40.55
0,Ольховатка,49.93333333333333,40.55
0,Панино,49.93333333333333,40.55
0,Репьевка,49.93333333333333,40.55
0,Таловая,49.93333333333333,40.55
0,Терновка,49.93333333333333,40.55
0,Эртиль,49.93333333333333,40.55
0,Кочубей,42.53333333333333,46.1
0,Советское,42.53333333333333,46.1
0,Тарумовка,42.53333333333333,46.1
0,Тлярата,42.53333333333333,46.1
0,Архиповка,56.833333333333336,42.583333333333336
0,Долматовский,56.833333333333336,42.583333333333336
0,Заречный,56.833333333333336,42.583333333333336
0,Каминский,56.833333333333336,42.583333333333336
0,Комсомольск,56.833333333333336,42.583333333333336
0,Лух,56.833333333333336,42.583333333333336
0,Савино,56.833333333333336,42.583333333333336
0,Сокольское,56.833333333333336,42.583333333333336
0,Фурманов,56.833333333333336,42.583333333333336
0,Алексеевск,55.55,98.66666666666667
0,Алыгжер,55.55,98.66666666666667
0,Баяндай,55.55,98.66666666666667
0,Бодайбо,55.55,98.66666666666667
0,Большая Речка,55.55,98.66666666666667
0,Большой Луг,55.55,98.66666666666667
0,Бохан,55.55,98.66666666666667
0,Забитуй,55.55,98.66666666666667
0,Звездный,55.55,98.66666666666667
0,Зима,55.55,98.66666666666667
0,Казачинское,55.55,98.66666666666667
0,Качуг,55.55,98.66666666666667
0,Култук,55.55,98.66666666666667
0,Мама,55.55,98.66666666666667
0,Оса,55.55,98.66666666666667
0,Слюдянка,55.55,98.66666666666667
0,Шелехов,55.55,98.66666666666667
0,Баксан,43.485259,0
0,Майский,43.485259,0
0,Чегем-Первый,43.485259,0
0,Гурьевск,54.38333333333333,20.633333333333333
0,Гусев,54.38333333333333,20.633333333333333
0,Знаменск,54.38333333333333,20.633333333333333
0,Кенисберг,54.38333333333333,20.633333333333333
0,Нестеров,54.38333333333333,20.633333333333333
0,Озерск,54.38333333333333,20.633333333333333
0,Светлогорск,54.38333333333333,20.633333333333333
0,Светлый,54.38333333333333,20.633333333333333
0,Советск,54.38333333333333,20.633333333333333
0,Аршань,45.38333333333333,47.35
0,Комсомольский,45.38333333333333,47.35
0,Приютное,45.38333333333333,47.35
0,Утта,45.38333333333333,47.35
0,Бабынино,55.18333333333333,36.65
0,Барятино,55.18333333333333,36.65
0,Белоусово,55.18333333333333,36.65
0,Еленский,55.18333333333333,36.65
0,Жиздра,55.18333333333333,36.65
0,Перемышль,55.18333333333333,36.65
0,Ульяново,55.18333333333333,36.65
0,Ферзиково,55.18333333333333,36.65
0,Хвастовичи,55.18333333333333,36.65
0,Кировский,55.6,159.63333333333333
0,Крапивная,55.6,159.63333333333333
0,Мильково,55.6,159.63333333333333
0,Никольское,55.6,159.63333333333333
0,Оссора,55.6,159.63333333333333
0,Парень,55.6,159.63333333333333
0,Тигиль,55.6,159.63333333333333
0,Амбарный,64.51666666666667,34.766666666666666
0,Гирвас,64.51666666666667,34.766666666666666
0,Деревянка,64.51666666666667,34.766666666666666
0,Идель,64.51666666666667,34.766666666666666
0,Импалахти,64.51666666666667,34.766666666666666
0,Калевала,64.51666666666667,34.766666666666666
0,Кемь,64.51666666666667,34.766666666666666
0,Лоухи,64.51666666666667,34.766666666666666
0,Пряжа,64.51666666666667,34.766666666666666
0,Барзас,56.083333333333336,86.03333333333333
0,Березовский,56.083333333333336,86.03333333333333
0,Грамотеино,56.083333333333336,86.03333333333333
0,Кедровка,56.083333333333336,86.03333333333333
0,Тайга,56.083333333333336,86.03333333333333
0,Яя,56.083333333333336,86.03333333333333
0,Аркуль,57.68333333333333,48.3
0,Богородское,57.68333333333333,48.3
0,Боровой,57.68333333333333,48.3
0,Кильмезь,57.68333333333333,48.3
0,Кобра,57.68333333333333,48.3
0,Ленинское,57.68333333333333,48.3
0,Луза,57.68333333333333,48.3
0,Нема,57.68333333333333,48.3
0,Свеча,57.68333333333333,48.3
0,Суна,57.68333333333333,48.3
0,Уни,57.68333333333333,48.3
0,Халтурин,57.68333333333333,48.3
0,Абезь,65.986961,0
0,Айкино,65.986961,0
0,Водный,65.986961,0
0,Вожаель,65.986961,0
0,Гешарт,65.986961,0
0,Елецкий,65.986961,0
0,Ижма,65.986961,0
0,Кажым,65.986961,0
0,Кожым,65.986961,0
0,Антропово,58.96666666666667,47.016666666666666
0,Буй,58.96666666666667,47.016666666666666
0,Галич,58.96666666666667,47.016666666666666
0,Зебляки,58.96666666666667,47.016666666666666
0,Нерехта,58.96666666666667,47.016666666666666
0,Нея,58.96666666666667,47.016666666666666
0,Островское,58.96666666666667,47.016666666666666
0,Павино,58.96666666666667,47.016666666666666
0,Сусанино,58.96666666666667,47.016666666666666
0,Армавир,44.86666666666667,38.166666666666664
0,Выселки,44.86666666666667,38.166666666666664
0,Калинино,44.86666666666667,38.166666666666664
0,Калининская,44.86666666666667,38.166666666666664
0,Красноармейская,44.86666666666667,38.166666666666664
0,Кропоткин,44.86666666666667,38.166666666666664
0,Крыловская,44.86666666666667,38.166666666666664
0,Лениградская,44.86666666666667,38.166666666666664
0,Отрадная,44.86666666666667,38.166666666666664
0,Павловская,44.86666666666667,38.166666666666664
0,Тульский,44.86666666666667,38.166666666666664
0, Железногорск,53.71666666666667,91.41666666666667
0,Абаза,53.71666666666667,91.41666666666667
0,Абан,53.71666666666667,91.41666666666667
0,Аскиз,53.71666666666667,91.41666666666667
0,Балыкса,53.71666666666667,91.41666666666667
0,Белый Яр,53.71666666666667,91.41666666666667
0,Дзержинское,53.71666666666667,91.41666666666667
0,Диксон,53.71666666666667,91.41666666666667
0,Емельяново,53.71666666666667,91.41666666666667
0,Караул,53.71666666666667,91.41666666666667
0,Кежма,53.71666666666667,91.41666666666667
0,Копьево,53.71666666666667,91.41666666666667
0,Курагино,53.71666666666667,91.41666666666667
0,Назарово,53.71666666666667,91.41666666666667
0,Новоселово,53.71666666666667,91.41666666666667
0,Партизанское,53.71666666666667,91.41666666666667
0,Сосновоборск,53.71666666666667,91.41666666666667
0,Таштып,53.71666666666667,91.41666666666667
0,Тура,53.71666666666667,91.41666666666667
0,Тюхтет,53.71666666666667,91.41666666666667
0,Хатанга,53.71666666666667,91.41666666666667
0,Черемушки,53.71666666666667,91.41666666666667
0,Шира,53.71666666666667,91.41666666666667
0,Кетово,55.36666666666667,65.81666666666666
0,Курган,55.36666666666667,65.81666666666666
0,Лебяжье,55.36666666666667,65.81666666666666
0,Мишкино,55.36666666666667,65.81666666666666
0,Мокроусово,55.36666666666667,65.81666666666666
0,Петухово,55.36666666666667,65.81666666666666
0,Половинное,55.36666666666667,65.81666666666666
0,Шатрово,55.36666666666667,65.81666666666666
0,Шумиха,55.36666666666667,65.81666666666666
0,Щучье,55.36666666666667,65.81666666666666
0,Юргамыш,55.36666666666667,65.81666666666666
0,Альменево,51.333333333333336,35.5
0,Белая,51.333333333333336,35.5
0,Глушково,51.333333333333336,35.5
0,Железногорск,51.333333333333336,35.5
0,Золотухино,51.333333333333336,35.5
0,Курчатов,51.333333333333336,35.5
0,Тим,51.333333333333336,35.5
0,Хомутовка,51.333333333333336,35.5
0,Данхов,52.5,39.93333333333333
0,Доброе,52.5,39.93333333333333
0,Долгоруково,52.5,39.93333333333333
0,Измалково,52.5,39.93333333333333
0,Казинка,52.5,39.93333333333333
0,Лев Толстой,52.5,39.93333333333333
0,Хлевное,52.5,39.93333333333333
0,Чаплыгин,52.5,39.93333333333333
0,Большевик,64.73333333333333,177.51666666666668
0,Ванкарем,64.73333333333333,177.51666666666668
0,Иульитин,64.73333333333333,177.51666666666668
0,Лаврентия,64.73333333333333,177.51666666666668
0,Мыс Шмидта,64.73333333333333,177.51666666666668
0,Омонск,64.73333333333333,177.51666666666668
0,Палатка,64.73333333333333,177.51666666666668
0,Сеймчан,64.73333333333333,177.51666666666668
0,Синегорье,64.73333333333333,177.51666666666668
0,Ягодное,64.73333333333333,177.51666666666668
0,Дубовский,55.86666666666667,48.35
0,Медведево,55.86666666666667,48.35
0,Новый Торьял,55.86666666666667,48.35
0,Советский,55.86666666666667,48.35
0,Юрино,55.86666666666667,48.35
0,Ардатов,54.31666666666667,43.333333333333336
0,Выша,54.31666666666667,43.333333333333336
0,Ельники,54.31666666666667,43.333333333333336
0,Инсар,54.31666666666667,43.333333333333336
0,Кочкурово,54.31666666666667,43.333333333333336
0,Краснослободск,54.31666666666667,43.333333333333336
0,Ромоданово,54.31666666666667,43.333333333333336
0,Торбеево,54.31666666666667,43.333333333333336
0,Чамзинка,54.31666666666667,43.333333333333336
0,Кола,67.56666666666666,33.38333333333333
0,Конда,67.56666666666666,33.38333333333333
0,Никель,67.56666666666666,33.38333333333333
0,Снежногорск,67.56666666666666,33.38333333333333
0,Умба,67.56666666666666,33.38333333333333
0,Большереченск,54.31666666666667,43.333333333333336
0,Бор,54.31666666666667,43.333333333333336
0,Бутурлино,54.31666666666667,43.333333333333336
0,Вад,54.31666666666667,43.333333333333336
0,Вача,54.31666666666667,43.333333333333336
0,Велетьма,54.31666666666667,43.333333333333336
0,Ветлуга,54.31666666666667,43.333333333333336
0,Вознесенское,54.31666666666667,43.333333333333336
0,Воскресенское,54.31666666666667,43.333333333333336
0,Выездное,54.31666666666667,43.333333333333336
0,Гагино,54.31666666666667,43.333333333333336
0,Гидроторф,54.31666666666667,43.333333333333336
0,Горький,54.31666666666667,43.333333333333336
0,Дзержинск,54.31666666666667,43.333333333333336
0,Заволжье,54.31666666666667,43.333333333333336
0,Первомайск,54.31666666666667,43.333333333333336
0,Перевоз,54.31666666666667,43.333333333333336
0,Починки,54.31666666666667,43.333333333333336
0,Сосновское,54.31666666666667,43.333333333333336
0,Спасское,54.31666666666667,43.333333333333336
0,Уразовка,54.31666666666667,43.333333333333336
0,Чкаловск,54.31666666666667,43.333333333333336
0,Анциферово,58.63333333333333,30.3
0,Большая Вишера,58.63333333333333,30.3
0,Волот,58.63333333333333,30.3
0,Деманск,58.63333333333333,30.3
0,Зарубино,58.63333333333333,30.3
0,Кресцы,58.63333333333333,30.3
0,Марево,58.63333333333333,30.3
0,Мошенское,58.63333333333333,30.3
0,Хвойное,58.63333333333333,30.3
0,Холм,58.63333333333333,30.3
0,Баган,55.35,78.35
0,Завьялово,55.35,78.35
0,Карасук,55.35,78.35
0,Каргат,55.35,78.35
0,Колывань,55.35,78.35
0,Крутиха,55.35,78.35
0,Куйбышев,55.35,78.35
0,Купино,55.35,78.35
0,Михайловский,55.35,78.35
0,Мошково,55.35,78.35
0,Северное,55.35,78.35
0,Убинское,55.35,78.35
0,Чаны,55.35,78.35
0,Чулым,55.35,78.35
0,Береговой,56.944553,0
0,Большеречье,56.944553,0
0,Горьковское,56.944553,0
0,Знаменское,56.944553,0
0,Колосовка,56.944553,0
0,Марьяновка,56.944553,0
0,Муромцево,56.944553,0
0,Нижняя Омка,56.944553,0
0,Полтавка,56.944553,0
0,Русская Поляна,56.944553,0
0,Седельниково,56.944553,0
0,Таврическое,56.944553,0
0,Тара,56.944553,0
0,Черлак,56.944553,0
0,Адамовка,53.68333333333333,53.65
0,Гай,53.68333333333333,53.65
0,Грачевка,53.68333333333333,53.65
0,Дубенский,53.68333333333333,53.65
0,Илек,53.68333333333333,53.65
0,Матвеевка,53.68333333333333,53.65
0,Новосергиевка,53.68333333333333,53.65
0,Октябрьское,53.68333333333333,53.65
0,Пономаревка,53.68333333333333,53.65
0,Ташла,53.68333333333333,53.65
0,Шарлык,53.68333333333333,53.65
0,Энергетик,53.68333333333333,53.65
0,Верховье,53.45,36.0
0,Змиевка,53.45,36.0
0,Красная Заря,53.45,36.0
0,Малоархангельск,53.45,36.0
0,Орел,53.45,36.0
0,Покровское,53.45,36.0
0,Тросна,53.45,36.0
0,Хомутово,53.45,36.0
0,Шаблыкино,53.45,36.0
0,Беково,53.2,43.03333333333333
0,Белинский,53.2,43.03333333333333
0,Бессоновка,53.2,43.03333333333333
0,Евлашево,53.2,43.03333333333333
0,Золотаревка,53.2,43.03333333333333
0,Исса,53.2,43.03333333333333
0,Лопатино,53.2,43.03333333333333
0,Сура,53.2,43.03333333333333
0,Тамала,53.2,43.03333333333333
0,Барда,59.4,56.8
0,Гайны,59.4,56.8
0,Елово,59.4,56.8
0,Карагай,59.4,56.8
0,Коса,59.4,56.8
0,Кочево,59.4,56.8
0,Куеда,59.4,56.8
0,Орда,59.4,56.8
0,Усть-Кишерть,59.4,56.8
0,Чайковский,59.4,56.8
0,Частые,59.4,56.8
0,Чернореченский,59.4,56.8
0,Чернушка,59.4,56.8
0,Юсьва,59.4,56.8
0,Анучино,57.333333333333336,61.88333333333333
0,Арсеньев,57.333333333333336,61.88333333333333
0,Артем,57.333333333333336,61.88333333333333
0,Валентин,57.333333333333336,61.88333333333333
0,Горный,57.333333333333336,61.88333333333333
0,Лазо,57.333333333333336,61.88333333333333
0,Новопокровка,57.333333333333336,61.88333333333333
0,Ольга,57.333333333333336,61.88333333333333
0,Пограничный,57.333333333333336,61.88333333333333
0,Покровка,57.333333333333336,61.88333333333333
0,Русский,57.333333333333336,61.88333333333333
0,Самарга,57.333333333333336,61.88333333333333
0,Славянка,57.333333333333336,61.88333333333333
0,Фокино,57.333333333333336,61.88333333333333
0,Хасан,57.333333333333336,61.88333333333333
0,Черниговка,57.333333333333336,61.88333333333333
0,Чугуевка,57.333333333333336,61.88333333333333
0,Яковлевка,57.333333333333336,61.88333333333333
0,Дно,56.96666666666667,29.883333333333333
0,Кунья,56.96666666666667,29.883333333333333
0,Локня,56.96666666666667,29.883333333333333
0,Остров,56.96666666666667,29.883333333333333
0,Палкино,56.96666666666667,29.883333333333333
0,Плюсса,56.96666666666667,29.883333333333333
0,Струги-Красные,56.96666666666667,29.883333333333333
0,Аксай,47.1,39.416666666666664
0,Аютинск,47.1,39.416666666666664
0,Восход,47.1,39.416666666666664
0,Гигант,47.1,39.416666666666664
0,Горняцкий,47.1,39.416666666666664
0,Донской,47.1,39.416666666666664
0,Дубовское,47.1,39.416666666666664
0,Жирнов,47.1,39.416666666666664
0,Заветное,47.1,39.416666666666664
0,Заводской,47.1,39.416666666666664
0,Зимовники,47.1,39.416666666666664
0,Казанская,47.1,39.416666666666664
0,Каменоломни,47.1,39.416666666666664
0,Кашары,47.1,39.416666666666664
0,Куйбышево,47.1,39.416666666666664
0,Орловский,47.1,39.416666666666664
0,Пролетарск,47.1,39.416666666666664
0,Целина,47.1,39.416666666666664
0,Чертково,47.1,39.416666666666664
0,Александро-Невский,52.43333333333333,84.46666666666667
0,Захарово,52.43333333333333,84.46666666666667
0,Милославское,52.43333333333333,84.46666666666667
0,Михайлов,52.43333333333333,84.46666666666667
0,Путятино,52.43333333333333,84.46666666666667
0,Сапожок,52.43333333333333,84.46666666666667
0,Сараи,52.43333333333333,84.46666666666667
0,Шацк,52.43333333333333,84.46666666666667
0,Шилово,52.43333333333333,84.46666666666667
0,Богатое,50.6,36.6
0,Богатырь,50.6,36.6
0,Большая Глущица,50.6,36.6
0,Борское,50.6,36.6
0,Камышла,50.6,36.6
0,Кинель-Черкасы,50.6,36.6
0,Клявлино,50.6,36.6
0,Кошки,50.6,36.6
0,Красноармейское,50.6,36.6
0,Нефтегорск,50.6,36.6
0,Октябрьск,50.6,36.6
0,Приволжье,50.6,36.6
0,Сургут (Самарская обл.),50.6,36.6
0,Хворостянка,50.6,36.6
0,Балашов,50.13333333333333,48.55
0,Возрождение,50.13333333333333,48.55
0,Дергачи,50.13333333333333,48.55
0,Екатериновка,50.13333333333333,48.55
0,Ершов,50.13333333333333,48.55
0,Каменский,50.13333333333333,48.55
0,Лысые Горы,50.13333333333333,48.55
0,Маркс,50.13333333333333,48.55
0,Перелюб,50.13333333333333,48.55
0,Петровск,50.13333333333333,48.55
0,Пугачев,50.13333333333333,48.55
0,Ровное,50.13333333333333,48.55
0,Самойловка,50.13333333333333,48.55
0,Степное,50.13333333333333,48.55
0,Турки,50.13333333333333,48.55
0,Энгельс,50.13333333333333,48.55
0,Алдан,68.0,37.94
0,Бестях,68.0,37.94
0,Власово,68.0,37.94
0,Зырянка,68.0,37.94
0,Майя,68.0,37.94
0,Менкеря,68.0,37.94
0,Покровск,68.0,37.94
0,Хандыга,68.0,37.94
0,Черский,68.0,37.94
0,Анбэцу,50.9,142.15
0,Анива,50.9,142.15
0,Бошняково,50.9,142.15
0,Быков,50.9,142.15
0,Вахрушев,50.9,142.15
0,Взморье,50.9,142.15
0,Гастелло,50.9,142.15
0,Корсаков,50.9,142.15
0,Макаров,50.9,142.15
0,Томари,50.9,142.15
0,Углегорск,50.9,142.15
0,Шахтерск,50.9,142.15
0,Алтынай,57.85,61.7
0,Асбест,57.85,61.7
0,Байкалово,57.85,61.7
0,Белоярский,57.85,61.7
0,Богданович,57.85,61.7
0,Висим,57.85,61.7
0,Волчанск,57.85,61.7
0,Воронцовка,57.85,61.7
0,Гари,57.85,61.7
0,Изумруд,57.85,61.7
0,Ис,57.85,61.7
0,Лесной,57.85,61.7
0,Михайловск,57.85,61.7
0,Ревда,57.85,61.7
0,Серов,57.85,61.7
0,Сосьва,57.85,61.7
0,Сухой Лог,57.85,61.7
0,Сысерть,57.85,61.7
0,Таборы,57.85,61.7
0,Тавда,57.85,61.7
0,Ардон,43.03333333333333,44.2
0,Орджоникидзе,43.03333333333333,44.2
0,Глинка,55.6,31.2
0,Демидов,55.6,31.2
0,Кардымово,55.6,31.2
0,Красный,55.6,31.2
0,Монастырщина,55.6,31.2
0,Починок,55.6,31.2
0,Сафоново,55.6,31.2
0,Александровское,45.36666666666667,44.21666666666667
0,Дивное,45.36666666666667,44.21666666666667
0,Домбай,45.36666666666667,44.21666666666667
0,Донское,45.36666666666667,44.21666666666667
0,Преградная,45.36666666666667,44.21666666666667
0,Бондари,46.16666666666666,33.46666666666667
0,Знаменка,46.16666666666666,33.46666666666667
0,Мордово,46.16666666666666,33.46666666666667
0,Петровское,46.16666666666666,33.46666666666667
0,Пичаево,46.16666666666666,33.46666666666667
0,Токаревка,46.16666666666666,33.46666666666667
0,Умет,46.16666666666666,33.46666666666667
0,Актюбинский,56.516666666666666,52.983333333333334
0,Алексеевское,56.516666666666666,52.983333333333334
0,Брежнев,56.516666666666666,52.983333333333334
0,Буинск,56.516666666666666,52.983333333333334
0,Васильево,56.516666666666666,52.983333333333334
0,Высокая Гора,56.516666666666666,52.983333333333334
0,Кукмод,56.516666666666666,52.983333333333334
0,Муслюмово,56.516666666666666,52.983333333333334
0,Белый,56.65,32.266666666666666
0,Березайка,56.65,32.266666666666666
0,Выползово,56.65,32.266666666666666
0,Заречье,56.65,32.266666666666666
0,Калашниково,56.65,32.266666666666666
0,Калинин,56.65,32.266666666666666
0,Лесное,56.65,32.266666666666666
0,Молоково,56.65,32.266666666666666
0,Оленино,56.65,32.266666666666666
0,Спирово,56.65,32.266666666666666
0,Старица,56.65,32.266666666666666
0,Бакчар,45.36666666666667,44.21666666666667
0,Батурино,45.36666666666667,44.21666666666667
0,Зырянское,45.36666666666667,44.21666666666667
0,Итатка,45.36666666666667,44.21666666666667
0,Кожевниково,45.36666666666667,44.21666666666667
0,Кривошеино,45.36666666666667,44.21666666666667
0,Мельниково,45.36666666666667,44.21666666666667
0,Молчаново,45.36666666666667,44.21666666666667
0,Парабель,45.36666666666667,44.21666666666667
0,Первомайское,45.36666666666667,44.21666666666667
0,Подгорное,45.36666666666667,44.21666666666667
0,Бай Хаак,51.16666666666666,90.6
0,Суть-Холь,51.16666666666666,90.6
0,Туран,51.16666666666666,90.6
0,Эрзин,51.16666666666666,90.6
0,Агеево,54.5,37.06666666666667
0,Арсеньево,54.5,37.06666666666667
0,Барсуки,54.5,37.06666666666667
0,Волово,54.5,37.06666666666667
0,Горелки,54.5,37.06666666666667
0,Ефремов,54.5,37.06666666666667
0,Казановка,54.5,37.06666666666667
0,Куркино,54.5,37.06666666666667
0,Ленинский,54.5,37.06666666666667
0,Новомосковск,54.5,37.06666666666667
0,Суворов,54.5,37.06666666666667
0,Ясногорск,54.5,37.06666666666667
0,Бердюжье,56.28333333333333,70.45
0,Викулово,56.28333333333333,70.45
0,Исетское,56.28333333333333,70.45
0,Казанское,56.28333333333333,70.45
0,Кондинское,56.28333333333333,70.45
0,Мужи,56.28333333333333,70.45
0,Радужный,56.28333333333333,70.45
0,Сладково,56.28333333333333,70.45
0,Уват,56.28333333333333,70.45
0,Юрибей,56.28333333333333,70.45
0,Ярково,56.28333333333333,70.45
0,Игра,56.18333333333333,52.46666666666667
0,Киясово,56.18333333333333,52.46666666666667
0,Ува,56.18333333333333,52.46666666666667
0,Устинов,56.18333333333333,52.46666666666667
0,Яр,56.18333333333333,52.46666666666667
0,Барыш,53.75,46.75
0,Глотовка,53.75,46.75
0,Димитровград,53.75,46.75
0,Измайлово,53.75,46.75
0,Майна,53.75,46.75
0,Новоспасское,53.75,46.75
0,Павловка,53.75,46.75
0,Радищево,53.75,46.75
0,Чердаклы,53.75,46.75
0,Деркул,47.1,39.416666666666664
0,Джаныбек,47.1,39.416666666666664
0,Калмыково,47.1,39.416666666666664
0,Каратобе,47.1,39.416666666666664
0,Фурманово,47.1,39.416666666666664
0,Чапаев,47.1,39.416666666666664
0,Аян,50.21666666666667,136.9
0,Березовый,50.21666666666667,136.9
0,Бикин,50.21666666666667,136.9
0,Бира,50.21666666666667,136.9
0,Высокогорный,50.21666666666667,136.9
0,Вяземский,50.21666666666667,136.9
0,Дормидонтовка,50.21666666666667,136.9
0,Заветы Ильича,50.21666666666667,136.9
0,Известковый,50.21666666666667,136.9
0,Иннокентьевка,50.21666666666667,136.9
0,Нелькан,50.21666666666667,136.9
0,Смидович,50.21666666666667,136.9
0,Софийск,50.21666666666667,136.9
0,Тугур,50.21666666666667,136.9
0,Кунашак,53.28333333333333,59.13333333333333
0,Пласт,53.28333333333333,59.13333333333333
0,Сим,53.28333333333333,59.13333333333333
0,Уйское,53.28333333333333,59.13333333333333
0,Фершампенуаз,53.28333333333333,59.13333333333333
0,Чесма,53.28333333333333,59.13333333333333
0,Юрюзань,53.28333333333333,59.13333333333333
0,Аргун,43.31666666666667,45.7
0,Гудермез,43.31666666666667,45.7
0,Акша,51.1,114.53333333333333
0,Арбагар,51.1,114.53333333333333
0,Атамановка,51.1,114.53333333333333
0,Жиндо,51.1,114.53333333333333
0,Калга,51.1,114.53333333333333
0,Карымское,51.1,114.53333333333333
0,Кличка,51.1,114.53333333333333
0,Ключевский,51.1,114.53333333333333
0,Кокуй,51.1,114.53333333333333
0,Кыра,51.1,114.53333333333333
0,Моготуй,51.1,114.53333333333333
0,Нижний Часучей,51.1,114.53333333333333
0,Тупик,51.1,114.53333333333333
0,Хилок,51.1,114.53333333333333
0,Чара,51.1,114.53333333333333
0,Шелопугино,51.1,114.53333333333333
0,Аликово,54.85,46.583333333333336
0,Батырева,54.85,46.583333333333336
0,Комсомольское,54.85,46.583333333333336
0,Порецкое,54.85,46.583333333333336
0,Янтиково,54.85,46.583333333333336
0,Тарко,64.43333333333334,76.5
0,Андропов,57.71666666666667,38.93333333333333
0,Берендеево,57.71666666666667,38.93333333333333
0,Борисоглебский,57.71666666666667,38.93333333333333
0,Бурмакино,57.71666666666667,38.93333333333333
0,Варегово,57.71666666666667,38.93333333333333
0,Данилов,57.71666666666667,38.93333333333333
0,Мышкино,57.71666666666667,38.93333333333333
